"A",3.51,3.54,2.30,14.72B,1.66,45.91,45.91
"ACO",N/A,N/A,0,N/A,0,N/A,19
"AA",0.77,0.58,-0.47,5.36B,1.14,29.40,27.53
"ACOM",N/A,N/A,N/A,N/A,N/A,N/A,N/A
"AAN",1.61,0.72,1.22,2.38B,6.00,32.78,25.19
"ACOR",1.39,1.82,3.85,862.67M,7.32,20.10,23.31
"AAON",8.43,4.43,2.67,1.73B,11.24,32.70,28.76
"ACPW",N/A,N/A,0.00,N/A,0.00,0.21,0.35
"AAP",4.43,1.33,2.46,12.80B,3.88,171.91,156.98
"ACTG",1.34,2.17,0.53,358.29M,2.25,7.25,5.87
"AAPL",4.83,2.87,1.48,621.96B,1.73,115.97,107.06
"ACTV",N/A,N/A,0,N/A,0,N/A,0
"AAT",2.45,6.81,18.98,1.97B,1.89,42.59,42.30
"ACUR",N/A,3.15,0.00,10.06M,1.30,0.90,1.56
"AATI",N/A,N/A,N/A,N/A,N/A,N/A,N/A
"ACW",N/A,N/A,0.00,N/A,0.00,2.58,2.01
"AAWW",0.86,0.71,1.17,1.26B,4.45,50.75,42.54
"ACXM",2.93,2.37,2.97,2.09B,8.55,26.81,24.64
"ABAX",4.73,5.30,2.69,1.17B,17.96,53.13,49.94
"ADBE",6.91,8.77,0.89,52.19B,1.52,103.55,101.96
"ABBC",N/A,N/A,N/A,N/A,N/A,N/A,N/A
"ADC",1.84,12.37,-27.39,1.09B,2.15,44.62,46.93
"ABC",8.00,0.12,1.48,17.26B,3.99,77.38,81.19
"ADI",4.30,6.49,3.23,22.44B,4.64,72.09,63.11
"ABCB",2.45,5.05,2.66,1.51B,4.23,45.15,35.42
"ADM",1.53,0.43,2.58,26.51B,2.14,46.51,43.40
"ABCD",N/A,1.49,0.00,228.88M,4.57,4.90,4.93
"ADP",10.75,3.83,2.40,45.61B,3.09,100.85,90.62
"ABCO",2.77,1.62,1.12,1.31B,4.18,32.45,38.68
"ADPI",N/A,N/A,N/A,N/A,N/A,N/A,N/A
"ABD",N/A,N/A,N/A,N/A,N/A,N/A,N/A
"ADS",7.41,1.87,1.11,13.34B,5.60,228.83,213.57
"ABFS",N/A,N/A,N/A,N/A,N/A,N/A,N/A
"ADSK",16.05,7.74,-5.67,16.85B,3.58,76.48,65.91
"ABG",5.41,0.21,0.77,1.41B,6.98,62.45,55.72
"ADTN",2.30,1.79,14.77,1.11B,3.68,22.70,18.99
"ABM",2.31,0.44,4.27,2.26B,4.40,40.05,38.68
"ADVS",N/A,N/A,0.00,N/A,0.00,N/A,41.95
"ABMD",12.72,13.14,3.78,5.04B,3.75,117.54,115.65
"AEA",N/A,N/A,N/A,N/A,N/A,N/A,N/A
"ABT",2.70,2.71,1.85,56.45B,9.05,38.10,40.99
"AEC",N/A,N/A,0,N/A,0,N/A,27
"ABVT",N/A,N/A,N/A,N/A,N/A,N/A,N/A
"AEE",1.74,2.15,3.39,12.59B,4.11,51.60,50.29
"ACAS",0.82,6.53,2.58,3.75B,1.77,17.45,16.68
"AEGR",N/A,N/A,0.00,N/A,N/A,N/A,N/A
"ACAT",1.48,0.39,-0.70,230.54M,14.37,16.76,15.62
"AEIS",5.97,4.87,0.40,2.16B,2.66,53.37,44.80
"ACC",1.85,8.16,3.40,6.46B,2.71,48.49,49.66
"AEL",0.69,0.91,1.63,1.95B,2.16,22.47,17.51
"ACCL",N/A,N/A,N/A,N/A,N/A,N/A,N/A
"AEO",2.54,0.82,1.06,2.95B,5.93,16.35,17.32
"ACE",N/A,N/A,0,N/A,0,N/A,109
"AEP",1.78,1.91,8.67,30.95B,1.77,62.81,64.95
"ACET",2.03,1.14,0.71,642.19M,6.60,20.89,21.30
"AEPI",5.36,0.56,0.00,611.26M,1.12,119.85,97.87
"ACGL",1.60,2.40,2.28,10.53B,5.15,86.83,77.07
"AES",2.69,0.55,4.01,7.80B,1.75,11.75,12.03
"ACHN",1.42,18.08,-0.38,560.39M,3.03,4.18,7.42
"AET",2.43,0.71,1.33,43.55B,2.38,126.81,118.30
"ACI",N/A,N/A,0,N/A,0,N/A,3
"AF",1.15,4.56,5.64,1.81B,3.35,18.00,15.23
"ACIW",3.05,2.18,-2.95,2.19B,12.96,18.07,19.18
"AFAM",1.49,0.72,1.51,447.02M,3.01,43.80,40.03
"ACLS",2.03,1.50,2.39,412.62M,5.58,13.70,12.21
"AFCE",N/A,N/A,N/A,N/A,N/A,N/A,N/A
"ACM",1.73,0.34,1.61,5.84B,2.40,37.92,32.30
"AFFX",N/A,N/A,0.00,N/A,0.00,14.01,0.00
"ACN",10.10,2.32,1.98,76.70B,5.93,123.00,116.24
"AFFY",0.478,58.914,0.000,2.47M,2.350,0.066,0.074
"AFG",1.45,1.20,1.89,7.56B,1.78,86.45,75.49
"ALEX",1.78,4.57,2.27,2.18B,7.74,43.95,39.58
"AFL",1.24,1.28,1.39,28.48B,4.55,69.41,71.37
"ALG",2.11,0.95,3.06,839.77M,2.00,71.50,66.31
"AFP",N/A,N/A,N/A,N/A,N/A,N/A,N/A
"ALGN",8.31,7.93,1.77,7.99B,2.97,101.14,89.20
"AFSI",1.84,0.90,0.82,4.78B,8.04,28.08,25.92
"ALGT",6.22,2.06,4.15,2.74B,4.26,167.80,144.41
"AGCO",1.61,0.64,13.60,4.67B,10.49,58.23,50.64
"ALIM",N/A,2.38,0.00,71.35M,2.88,1.08,1.43
"AGII",1.10,1.31,2.25,1.96B,1.43,65.65,56.44
"ALJ",1.51,0.23,0.23,817.30M,4.46,11.61,7.96
"AGL",N/A,N/A,0,N/A,0,N/A,27
"ALK",3.82,1.89,-20.88,11.14B,8.26,88.73,69.42
"AGM",1.51,4.14,1.44,595.22M,1.89,56.99,41.60
"ALKS",7.09,12.35,10.13,8.51B,5.19,56.51,48.97
"AGN",0.87,4.33,1.22,72.22B,5.63,192.81,229.54
"ALL",1.42,0.76,1.47,27.39B,1.24,74.11,68.94
"AGNC",N/A,N/A,0.00,N/A,0.00,17.87,0.00
"ALNC",N/A,N/A,N/A,N/A,N/A,N/A,N/A
"AGO",0.77,2.90,3.05,5.02B,3.25,38.86,29.02
"ALNY",3.75,102.24,-0.20,3.73B,5.82,44.39,58.24
"AGP",N/A,N/A,N/A,N/A,N/A,N/A,N/A
"ALOG",1.96,2.03,1.58,1.05B,14.85,84.05,85.95
"AGX",4.00,1.82,0.00,1.13B,1.34,69.65,51.92
"ALR",2.36,1.42,1.99,3.43B,2.72,39.00,40.93
"AGYS",1.95,1.84,-1.54,237.37M,16.89,10.29,10.66
"ALSK",0.53,0.36,-1.63,82.17M,0.45,1.60,1.67
"AH",N/A,N/A,N/A,N/A,N/A,N/A,N/A
"ALTE",N/A,N/A,N/A,N/A,N/A,N/A,N/A
"AHC",1.27,0.53,0.00,137.64M,0.66,6.50,6.01
"ALTH",N/A,N/A,N/A,N/A,N/A,N/A,N/A
"AHL",1.04,1.08,-12.49,3.31B,1.04,53.40,47.49
"ALTR",N/A,N/A,0.00,N/A,0.00,N/A,51.16
"AHS",N/A,N/A,0.00,N/A,0.00,33.02,37.00
"ALV",2.55,0.96,2.23,9.59B,10.07,108.75,106.88
"AHT",0.97,0.48,0.27,735.76M,3.78,7.47,6.14
"ALX",6.19,9.92,0.00,2.21B,3.32,432.48,411.11
"AI",0.81,7.22,-0.23,364.83M,5.39,15.26,14.55
"ALXN",3.16,9.11,1.46,25.68B,1.23,120.04,126.80
"AIG",0.78,1.28,0.98,68.35B,2.28,66.30,58.64
"AM",4.31,8.94,0.82,5.13B,1.43,28.00,27.10
"AIMC",3.79,1.35,1.65,983.59M,15.65,37.05,29.78
"AMAG",1.27,2.43,-3.37,1.16B,6.07,34.75,26.18
"AIN",2.85,1.99,1.80,1.51B,3.58,46.25,42.29
"AMAT",4.86,3.23,0.87,34.92B,1.29,32.51,28.06
"AINV",N/A,N/A,3.11,N/A,0.00,6.00,5.83
"AMCC",6.54,4.48,19.78,730.53M,2.20,8.55,7.06
"AIQ",N/A,0.202,0.000,101.31M,2.770,9.550,6.905
"AMD",25.62,2.40,0.72,10.15B,1.76,10.66,6.68
"AIR",1.46,0.75,1.37,1.27B,4.74,37.02,28.54
"AME",3.37,2.95,2.09,11.37B,1.51,49.18,47.31
"AIRM",2.16,1.03,0.67,1.18B,13.38,32.70,33.01
"AMED",3.23,1.03,1.09,1.45B,8.01,42.85,47.18
"AIS",N/A,N/A,N/A,N/A,N/A,N/A,N/A
"AMG",2.56,3.64,0.93,8.02B,1.50,148.49,146.21
"AIT",3.46,0.94,2.01,2.39B,2.58,60.40,48.97
"AMGN",3.62,4.93,1.73,109.91B,1.45,149.37,159.62
"AIV",4.45,7.16,3.27,6.99B,2.44,44.17,43.58
"AMKR",1.93,0.72,1.21,2.58B,2.74,10.73,8.69
"AIZ",1.18,0.63,2.51,5.27B,3.27,91.34,86.65
"AMLN",N/A,N/A,N/A,N/A,N/A,N/A,N/A
"AJG",2.49,1.67,1.91,9.19B,3.01,51.55,49.25
"AMN",4.23,1.01,1.34,1.87B,6.53,38.15,36.41
"AKAM",3.68,5.06,1.72,11.74B,3.35,67.19,57.25
"AMP",2.61,1.50,1.53,17.61B,1.49,111.73,99.89
"AKR",1.76,12.20,12.38,2.65B,8.19,32.50,35.03
"AMPE",5.48,46.09,0.00,54.32M,27.46,0.94,1.28
"AKRX",3.23,2.35,1.31,2.64B,5.36,20.92,27.20
"AMR",N/A,N/A,0,N/A,0,N/A,1
"AKS",N/A,0.41,6.61,2.45B,2.07,10.38,5.79
"AMRC",0.98,0.44,4.03,284.26M,4.67,6.20,5.11
"AL",1.10,2.62,0.68,3.63B,6.97,35.10,29.89
"AMRI",2.23,1.49,1.50,744.88M,20.60,18.12,15.45
"ALB",3.04,2.84,2.72,10.01B,2.81,89.23,82.65
"AMRS",N/A,3.2377,-0.1000,191.58M,1.6200,0.6746,0.5921
"ALC",N/A,N/A,N/A,N/A,N/A,N/A,N/A
"AMSC",1.64,1.29,-0.10,110.33M,22.57,7.71,7.79
"ALCO",1.36,1.63,0.00,238.07M,26.61,28.30,28.26
"AMSF",2.29,2.92,1.55,1.17B,5.44,61.15,60.14
"ALE",1.70,2.31,4.13,3.16B,4.30,64.40,61.17
"AMSG",N/A,N/A,0.00,N/A,0.00,67.75,69.95
"AMSWA",3.35,2.87,3.03,317.87M,4.51,10.75,10.67
"ARCL",N/A,N/A,N/A,N/A,N/A,N/A,N/A
"AMT",6.71,8.15,1.53,45.53B,2.43,105.80,111.35
"ARDNA",N/A,N/A,N/A,N/A,N/A,N/A,N/A
"AMTD",4.57,7.06,2.04,23.06B,2.41,43.93,33.58
"ARE",2.29,9.57,-791.00,8.71B,14.71,107.97,106.45
"AMWD",3.98,1.28,2.29,1.24B,4.02,77.15,75.97
"AREX",0.27,1.75,-0.98,158.12M,7.05,3.76,2.77
"AMZN",20.24,2.81,4.22,363.98B,1.25,757.77,765.62
"ARG",N/A,N/A,0.00,N/A,0.00,142.95,142.95
"AN",2.19,0.23,1.41,4.91B,5.39,47.96,47.81
"ARGN",N/A,N/A,N/A,N/A,N/A,N/A,N/A
"ANAC",N/A,N/A,0.00,N/A,0.00,N/A,81.52
"ARI",0.78,7.74,1.63,1.38B,4.95,16.79,16.54
"ANAD",N/A,N/A,0.00,N/A,0.00,N/A,0.47
"ARIA",N/A,12.98,12.24,2.36B,4.48,12.45,10.46
"ANAT",0.73,1.06,0.00,3.43B,1.03,127.47,117.79
"ARII",1.61,1.20,2.03,917.32M,21.88,45.38,40.85
"ANDE",1.57,0.30,7.72,1.23B,3.00,42.45,36.71
"ARJ",N/A,N/A,N/A,N/A,N/A,N/A,N/A
"ANEN",N/A,N/A,N/A,N/A,N/A,N/A,N/A
"ARNA",104.29,7.66,0.22,343.07M,6.82,1.46,1.66
"ANF",0.74,0.26,-80.67,883.82M,4.14,13.31,17.67
"ARO",N/A,N/A,0.00,N/A,0.00,0.15,0.39
"ANGO",1.20,1.72,1.43,614.64M,3.59,16.75,15.91
"AROW",2.31,5.52,2.97,542.05M,10.06,39.50,32.79
"ANH",0.83,9.29,363.55,511.11M,2.50,5.22,4.90
"ARQL",3.07,14.63,-0.79,90.32M,5.88,1.30,1.56
"ANN",N/A,N/A,0,N/A,0,N/A,42
"ARR",0.73,77.08,-0.44,786.03M,3.56,20.51,21.62
"ANR",N/A,N/A,0.0000,N/A,0.0000,0.2606,0.8655
"ARRS",1.94,0.95,0.56,5.91B,3.73,30.88,26.87
"ANSS",3.69,8.49,3.46,8.25B,3.41,95.11,91.90
"ARRY",N/A,46.20,-1.13,1.47B,3.20,8.75,5.06
"ANTH",10.56,38.64,0.00,82.23M,6.14,1.90,2.84
"ART",N/A,N/A,N/A,N/A,N/A,N/A,N/A
"ANV",N/A,N/A,0,N/A,0,N/A,2
"ARTC",N/A,N/A,0,N/A,0,N/A,3
"AOI",0.74,0.09,0.00,162.73M,6.70,18.50,17.70
"ARTNA",2.17,3.76,5.87,297.42M,3.84,32.32,30.35
"AOL",N/A,N/A,0,N/A,0,N/A,44
"ARUN",N/A,N/A,0.00,N/A,0.00,N/A,21.14
"AON",5.44,2.55,2.10,29.55B,1.80,112.09,110.26
"ARW",1.45,0.27,1.61,6.45B,3.72,71.78,64.91
"AONE",N/A,N/A,N/A,N/A,N/A,N/A,N/A
"ARX",N/A,N/A,0,N/A,0,N/A,1
"AOS",5.53,3.21,2.30,8.46B,4.10,48.51,46.54
"ASBC",N/A,N/A,N/A,N/A,N/A,N/A,N/A
"AOSL",2.06,1.48,-22.73,526.00M,1.48,22.32,18.66
"ASCA",N/A,N/A,N/A,N/A,N/A,N/A,N/A
"AP",1.06,0.71,0.00,221.47M,6.78,17.00,12.48
"ASCMA",0.91,0.37,-0.16,216.24M,4.17,17.49,19.65
"APA",3.89,5.12,6.04,25.31B,5.93,66.39,57.79
"ASEI",N/A,N/A,0.00,N/A,0.00,N/A,32.11
"APAC",N/A,N/A,N/A,N/A,N/A,N/A,N/A
"ASGN",2.73,0.98,1.28,2.35B,2.94,44.20,37.91
"APAGF",N/A,N/A,0,N/A,0,N/A,14
"ASH",2.04,1.38,5.38,6.85B,3.52,110.10,115.09
"APC",3.09,4.99,-2.74,39.89B,2.21,70.61,58.53
"ASI",N/A,N/A,0,N/A,0,N/A,0
"APD",4.53,3.36,-25.60,32.11B,1.91,147.43,137.75
"ASNA",0.72,0.19,0.61,1.36B,4.38,7.10,6.89
"APEI",1.66,1.33,-7.58,423.30M,8.95,26.50,23.82
"ASTE",2.24,1.39,2.64,1.47B,1.87,62.64,58.96
"APH",5.61,3.43,2.97,20.98B,4.50,67.40,62.54
"ASYS",0.83,0.46,-0.51,56.80M,3.13,4.20,5.34
"APKT",N/A,N/A,N/A,N/A,N/A,N/A,N/A
"AT",3.76,0.76,-0.19,294.87M,3.84,2.65,2.48
"APOG",3.19,1.36,1.74,1.44B,20.88,50.00,45.74
"ATEC",N/A,N/A,0.00,N/A,0.00,4.02,4.94
"APOL",0.98,0.50,-1.28,1.06B,3.09,9.54,8.89
"ATHN",7.53,4.29,2.77,4.51B,11.25,114.53,120.25
"ARAY",7.73,1.04,0.10,396.21M,14.39,5.05,5.35
"ATI",1.21,0.58,-0.91,1.78B,9.32,16.30,16.03
"ARB",N/A,N/A,N/A,N/A,N/A,N/A,N/A
"ATK",N/A,N/A,0,N/A,0,N/A,0
"ARBA",N/A,N/A,N/A,N/A,N/A,N/A,N/A
"ATLO",1.84,6.60,0.00,310.95M,11.82,33.65,27.77
"ARC",1.50,0.54,1.79,228.95M,5.09,4.81,3.86
"ATMI",N/A,N/A,0,N/A,0,N/A,0
"ARCC",N/A,N/A,3.68,N/A,0.00,15.87,15.31
"ATML",N/A,N/A,0.00,N/A,0.00,8.14,8.21
"ATNI",1.86,3.04,34.16,1.27B,5.97,77.41,70.99
"AZO",N/A,2.12,1.50,22.86B,8.42,794.72,770.46
"ATO",2.23,2.30,2.88,7.70B,2.50,74.16,74.86
"AZPN",N/A,8.87,2.28,4.21B,7.34,54.24,45.49
"ATPG",N/A,N/A,N/A,N/A,N/A,N/A,N/A
"AZZ",3.28,1.87,2.18,1.67B,4.51,64.40,61.47
"ATR",3.55,1.95,2.71,4.63B,6.97,72.93,76.67
"B",2.18,2.20,2.82,2.65B,2.71,48.80,39.47
"ATRC",3.55,4.12,-0.84,616.58M,13.43,18.54,16.30
"BA",45.78,1.01,2.14,96.39B,5.50,154.50,136.16
"ATRI",5.72,6.38,0.00,906.35M,5.36,499.05,445.61
"BABY",2.76,3.02,1.05,1.13B,5.13,34.85,39.25
"ATRO",3.23,1.67,2.72,1.09B,3.23,36.62,35.19
"BAC",0.94,2.99,1.43,236.41B,0.98,22.66,16.18
"ATSG",2.98,1.32,55.14,965.60M,2.95,16.15,14.37
"BAGL",N/A,N/A,0,N/A,0,N/A,20
"ATU",3.15,1.43,2.27,1.66B,10.99,27.85,24.26
"BAH",10.49,0.98,2.31,5.44B,2.24,36.34,31.41
"ATVI",3.07,4.56,0.80,27.22B,2.05,36.47,40.78
"BALT",N/A,N/A,0.00,N/A,0.00,1.50,1.60
"ATW",0.27,0.89,0.27,882.00M,5.92,13.46,9.77
"BANF",2.04,4.81,2.05,1.43B,2.82,90.25,70.26
"ATX",N/A,N/A,N/A,N/A,N/A,N/A,N/A
"BANRD",N/A,N/A,N/A,N/A,N/A,N/A,N/A
"AUMN",7.0857,8.4904,0.0000,55.83M,9.1700,0.6448,0.7272
"BARI",N/A,N/A,N/A,N/A,N/A,N/A,N/A
"AUXL",N/A,N/A,0,N/A,0,N/A,34
"BAS",N/A,0.032,0.000,17.00M,1.000,0.434,0.861
"AVA",1.61,1.83,3.47,2.58B,5.90,40.77,41.72
"BAX",2.80,2.40,1.71,24.28B,2.28,44.72,46.46
"AVAV",1.80,2.63,-4.47,644.45M,12.05,27.26,26.95
"BBBB",N/A,N/A,N/A,N/A,N/A,N/A,N/A
"AVB",2.37,11.77,56.96,24.00B,3.96,172.93,174.20
"BBBY",2.73,0.58,1.77,6.99B,6.22,47.27,43.97
"AVD",2.01,1.81,2.15,559.31M,6.97,19.00,16.13
"BBG",0.78,2.43,-0.23,410.86M,3.83,6.73,6.29
"AVEO",12.1319,7.2263,0.0000,41.13M,3.3600,0.5702,0.8517
"BBND",N/A,N/A,N/A,N/A,N/A,N/A,N/A
"AVGO",3.76,5.36,0.85,71.82B,1.68,178.42,167.41
"BBNK",N/A,N/A,0.00,N/A,0.00,N/A,25.33
"AVID",N/A,0.33,0.17,176.31M,2.59,4.32,6.67
"BBOX",1.59,0.26,1.59,243.13M,9.09,15.45,13.76
"AVII",N/A,N/A,N/A,N/A,N/A,N/A,N/A
"BBRG",1.20,0.15,2.41,58.90M,5.57,4.15,5.66
"AVNR",N/A,N/A,0,N/A,0,N/A,15
"BBSI",7.36,0.56,0.00,458.63M,1.88,63.41,46.67
"AVNW",1.40,0.30,0.00,73.02M,1.02,14.02,9.00
"BBT",1.40,3.78,3.04,38.02B,2.31,46.59,38.73
"AVP",N/A,0.41,0.14,2.45B,3.34,5.33,5.18
"BBW",2.34,0.62,0.66,232.23M,13.51,14.90,12.80
"AVT",1.28,0.24,2.42,6.17B,3.11,48.01,42.15
"BBY",3.45,0.37,1.15,14.61B,4.89,47.00,37.03
"AVTR",N/A,N/A,N/A,N/A,N/A,N/A,N/A
"BC",3.41,1.11,1.05,4.93B,3.29,54.52,47.88
"AVX",1.20,2.13,2.52,2.66B,5.35,15.71,14.03
"BCO",5.68,0.71,2.10,2.09B,2.08,42.55,35.60
"AVY",6.16,1.07,1.68,6.34B,4.25,71.94,74.86
"BCPC",5.13,4.86,1.44,2.62B,10.30,83.46,69.90
"AWH",1.10,1.49,-1.40,4.50B,1.43,45.77,40.92
"BCR",9.44,4.50,1.87,16.20B,2.30,221.03,221.87
"AWI",9.06,0.97,1.00,2.39B,9.03,42.45,41.10
"BCRX",114.63,20.78,-0.34,505.24M,8.22,6.19,4.22
"AWK",2.48,3.95,3.38,13.05B,4.41,72.88,75.94
"BCSI",N/A,N/A,N/A,N/A,N/A,N/A,N/A
"AWR",3.35,3.74,6.39,1.67B,6.12,44.94,41.22
"BDC",2.30,1.38,3.75,3.27B,7.65,76.89,68.71
"AXAS",14.65,7.85,-1.42,340.64M,3.80,2.52,1.52
"BDE",N/A,N/A,-15.33,N/A,0.00,5.75,4.93
"AXE",2.10,0.35,-6.60,2.66B,2.23,80.60,63.99
"BDGE",1.79,5.03,0.00,655.82M,7.54,37.85,29.95
"AXL",2.74,0.36,29.60,1.42B,2.64,18.60,16.56
"BDN",1.44,5.06,5.92,2.79B,3.11,15.70,15.84
"AXP",3.27,2.25,1.94,68.23B,4.15,75.00,65.60
"BDX",4.69,2.85,1.70,35.40B,2.47,167.75,172.40
"AXS",1.05,1.42,3.05,5.76B,3.36,63.90,56.57
"BEAT",6.30,3.12,0.00,654.96M,1.75,21.20,18.49
"AXTI",1.15,1.91,3.36,154.60M,0.47,4.70,4.37
"BEAV",31.69,2.12,1.71,6.10B,5.60,59.67,51.64
"AYI",6.48,3.27,1.14,10.64B,5.08,248.16,255.21
"BEBE",0.37,0.12,0.00,43.24M,19.68,5.66,0.82
"AYR",0.93,2.15,2.01,1.66B,8.56,21.10,20.96
"BEC",N/A,N/A,N/A,N/A,N/A,N/A,N/A
"BECN",2.14,0.69,1.36,2.89B,3.78,47.36,44.65
"BLKB",12.84,4.22,1.63,3.03B,10.12,64.74,65.86
"BEE",N/A,N/A,0,N/A,0,N/A,14
"BLL",3.61,1.59,2.51,13.38B,7.08,76.66,76.20
"BELFB",2.13,0.67,0.00,376.49M,5.57,28.95,23.01
"BLT",N/A,N/A,0.00,N/A,0.00,10.00,10.00
"BEN",1.88,3.38,-3.18,22.62B,2.44,39.28,35.77
"BLTI",N/A,N/A,N/A,N/A,N/A,N/A,N/A
"BEXP",N/A,N/A,N/A,N/A,N/A,N/A,N/A
"BLUD",N/A,N/A,N/A,N/A,N/A,N/A,N/A
"BF.B",N/A,N/A,N/A,N/A,N/A,N/A,N/A
"BLX",1.16,8.09,1.78,1.14B,8.80,29.82,27.87
"BFIN",1.38,5.17,4.80,281.07M,8.50,14.97,12.76
"BMC",N/A,N/A,0,N/A,0,N/A,3511
"BFS",10.53,6.68,0.00,1.43B,3.32,66.43,63.64
"BMI",4.34,2.76,2.22,1.11B,5.34,37.65,34.80
"BG",1.59,0.24,1.76,9.98B,2.51,72.83,63.71
"BMR",N/A,N/A,0,N/A,0,N/A,22
"BGC",3.68,0.27,2.80,973.60M,8.46,19.60,15.18
"BMRC",1.91,5.39,1.79,427.03M,4.13,72.85,52.89
"BGCP",3.10,1.09,0.99,2.78B,2.76,9.92,9.05
"BMRN",5.54,14.05,-0.92,14.51B,5.30,85.36,89.33
"BGFV",1.95,0.38,1.96,395.13M,4.19,18.05,13.73
"BMS",3.54,1.14,2.30,4.56B,6.12,48.46,50.56
"BGG",2.03,0.52,-0.38,935.35M,15.97,22.13,20.38
"BMTC",1.79,4.39,2.71,690.05M,2.64,40.05,31.78
"BGMD",N/A,0.4967,0.0000,621413.12,2.6600,0.0687,0.1609
"BMTI",N/A,N/A,N/A,N/A,N/A,N/A,N/A
"BGS",3.62,2.21,1.12,2.91B,6.19,43.85,46.27
"BMY",6.27,5.30,1.14,99.30B,1.33,58.62,61.62
"BH",2.12,1.14,3.72,985.07M,3.24,472.21,433.65
"BNCL",1.26,7.69,4.21,1.30B,4.97,18.30,14.73
"BHE",1.09,0.62,1.72,1.46B,6.49,29.70,24.47
"BNHNA",N/A,N/A,N/A,N/A,N/A,N/A,N/A
"BHI",2.17,2.64,-0.83,28.26B,1.47,66.39,51.74
"BOBE",5.00,0.81,2.12,1.05B,6.55,53.94,40.65
"BHLB",1.20,4.05,1.66,1.12B,2.03,36.40,28.76
"BODY",N/A,N/A,0.0000,N/A,0.0000,0.0085,0.0120
"BID",4.42,2.63,1.74,2.18B,14.20,41.35,35.20
"BOFI",2.41,5.19,1.31,1.79B,17.77,27.34,20.53
"BIG",4.48,0.47,1.04,2.48B,13.09,55.22,50.14
"BOH",3.21,6.16,2.43,3.78B,15.35,87.49,73.76
"BIIB",5.14,5.46,1.59,60.65B,1.29,286.40,289.52
"BOKF",1.62,4.09,2.75,5.49B,10.56,83.55,69.11
"BIO",1.98,2.58,6.54,5.31B,8.16,180.71,156.95
"BONE",N/A,N/A,0.00,N/A,0.00,3.25,3.68
"BIOS",N/A,0.13,-0.22,122.39M,6.71,1.05,2.44
"BONT",N/A,0.01,-0.01,33.68M,21.31,1.58,1.59
"BIRT",N/A,N/A,0,N/A,0,N/A,5
"BOOM",1.97,1.46,-1.85,231.71M,8.24,16.15,11.67
"BJ",N/A,N/A,N/A,N/A,N/A,N/A,N/A
"BOX",20.69,4.92,0.36,1.82B,8.98,14.34,13.32
"BJRI",3.01,0.95,1.37,887.29M,3.84,39.35,39.88
"BPAX",N/A,N/A,N/A,N/A,N/A,N/A,N/A
"BK",1.39,3.35,1.37,49.99B,2.34,47.56,41.84
"BPFH",1.80,3.68,2.35,1.33B,3.29,15.80,13.01
"BKCC",N/A,N/A,3.35,N/A,0.00,7.39,7.97
"BPI",1.64,0.89,4.93,485.60M,8.61,10.35,7.78
"BKD",0.99,0.55,0.53,2.37B,3.44,12.55,15.72
"BPOP",0.85,2.65,2.94,4.53B,1.51,43.85,36.28
"BKE",2.54,1.10,56.85,1.13B,12.89,23.40,24.65
"BPZ",N/A,N/A,0,N/A,0,0,1
"BKH",2.01,2.26,2.84,3.30B,11.23,60.76,60.50
"BR",7.42,2.44,1.81,7.85B,3.08,65.48,66.23
"BKI",N/A,N/A,N/A,N/A,N/A,N/A,N/A
"BRC",3.16,1.74,2.84,1.95B,3.97,38.20,33.69
"BKMU",1.40,4.22,4.66,411.04M,2.33,8.85,7.96
"BRCD",1.97,2.16,2.42,5.05B,1.12,12.46,9.93
"BKR",N/A,N/A,0,N/A,0,N/A,3
"BRCM",N/A,N/A,0.00,N/A,0.00,N/A,52.95
"BKS",1.71,0.23,2.34,918.45M,6.30,12.60,11.68
"BRE",N/A,N/A,N/A,N/A,N/A,N/A,N/A
"BKU",1.64,4.31,1.27,3.89B,2.64,37.28,31.60
"BRK.B",N/A,N/A,N/A,N/A,N/A,N/A,N/A
"BKYF",N/A,N/A,0.00,N/A,0.00,N/A,48.06
"BRKL",1.62,5.21,3.67,1.14B,3.04,16.00,12.42
"BLC",N/A,N/A,0,N/A,0,N/A,2
"BRKR",4.96,2.13,1.70,3.43B,5.11,21.49,22.81
"BLDR",4.28,0.20,0.10,1.27B,6.68,11.55,11.71
"BRKS",1.97,1.94,1.64,1.10B,1.31,16.43,13.20
"BLK",2.23,5.78,1.90,63.87B,3.16,392.62,361.03
"BRLI",N/A,N/A,0.00,N/A,0.00,N/A,36.97
"BRO",2.71,3.63,3.56,6.30B,3.43,44.88,37.99
"CAP",N/A,N/A,0.00,N/A,0.00,12.99,21.75
"BRS",0.52,0.49,-1.40,722.96M,7.27,20.68,13.13
"CAR",7.20,0.39,1.34,3.38B,6.17,38.33,35.43
"BRY",N/A,N/A,N/A,N/A,N/A,N/A,N/A
"CAS",N/A,N/A,0.00,N/A,0.00,0.41,1.18
"BSFT",4.28,3.78,7.88,1.28B,5.87,41.20,43.60
"CASC",1.44,N/A,0.00,115.01M,5.97,5.37,1.60
"BSRR",1.61,4.11,2.47,337.33M,2.15,24.33,18.66
"CASS",3.84,6.58,0.00,813.17M,14.29,72.90,56.50
"BSTC",6.90,14.26,1.54,367.93M,3.77,51.40,42.54
"CASY",4.07,0.78,2.39,4.92B,5.25,124.57,123.63
"BSX",4.49,3.60,1.57,29.24B,1.99,21.40,22.91
"CAT",3.46,1.35,2.41,54.24B,6.82,92.58,83.91
"BTH",N/A,N/A,0,N/A,0,N/A,6
"CATM",5.92,1.91,1.16,2.44B,11.33,53.12,45.72
"BTU",N/A,N/A,0.00,N/A,0.00,2.07,8.95
"CATO",1.92,0.80,1.43,798.56M,2.75,30.02,33.67
"BTX",3.25,61.65,0.00,383.34M,19.53,3.78,3.19
"CATY",1.64,6.39,2.15,2.97B,4.78,37.32,31.21
"BUCY",N/A,N/A,N/A,N/A,N/A,N/A,N/A
"CAVM",5.01,8.84,1.45,4.38B,7.85,63.11,51.60
"BUSE",1.91,5.48,3.30,1.15B,3.39,29.72,23.64
"CB",1.28,2.20,7.02,62.00B,3.53,132.71,126.64
"BWA",2.28,0.95,1.19,8.49B,4.92,39.74,34.36
"CBB",N/A,0.77,6.97,939.26M,4.70,21.75,21.17
"BWC",N/A,N/A,0.00,N/A,0.00,32.80,31.00
"CBE",N/A,N/A,N/A,N/A,N/A,N/A,N/A
"BWEN",0.90,0.36,5.82,63.91M,0.31,4.10,4.40
"CBEY",N/A,N/A,0,N/A,0,N/A,0
"BWINB",0.93,1.22,2.40,379.36M,3.51,25.00,25.46
"CBG",3.63,0.82,1.28,10.68B,3.38,31.76,28.58
"BWLD",4.82,1.53,1.36,3.01B,4.31,166.55,153.33
"CBI",1.62,0.31,12.18,3.50B,3.60,35.24,32.48
"BWS",N/A,N/A,0,N/A,0,30,31
"CBK",0.89,0.20,-0.28,77.79M,5.79,2.10,1.81
"BXP",3.46,7.50,5.65,19.40B,2.38,124.34,131.43
"CBKN",N/A,N/A,N/A,N/A,N/A,N/A,N/A
"BXS",1.62,3.87,4.07,2.80B,3.53,29.75,24.47
"CBL",1.65,1.87,3.52,2.02B,5.47,11.64,11.55
"BYD",2.54,1.08,0.70,2.34B,4.86,20.84,19.08
"CBLI",1.97,4.63,0.00,17.58M,1.46,1.60,2.02
"BYI",N/A,N/A,0,N/A,0,N/A,80
"CBM",4.76,3.72,1.35,1.71B,2.92,54.30,48.27
"BZ",N/A,N/A,0,N/A,0,N/A,0
"CBNJ",N/A,N/A,0.00,N/A,0.00,14.59,13.07
"BZH",0.71,0.25,3.64,451.45M,3.83,14.31,10.52
"CBOE",21.26,9.65,5.03,6.13B,6.62,75.72,67.41
"C",0.80,2.66,2.70,170.01B,1.58,59.75,48.00
"CBOU",N/A,N/A,N/A,N/A,N/A,N/A,N/A
"CA",2.39,3.30,4.31,13.67B,6.06,32.02,32.83
"CBR",0.4223,0.1009,-0.0700,65.26M,7.0800,0.8400,1.1806
"CAB",2.20,1.02,1.92,4.30B,3.85,62.80,55.09
"CBRL",7.52,1.41,2.25,4.15B,11.19,171.08,153.69
"CAC",1.68,4.62,0.00,669.32M,6.08,42.72,31.98
"CBRX",N/A,N/A,0,N/A,0,8,6
"CACB",1.62,5.10,3.84,599.66M,0.48,7.94,6.15
"CBS",5.27,1.92,0.84,27.65B,3.30,64.54,55.19
"CACC",3.59,5.50,2.01,4.24B,11.91,205.57,190.60
"CBSH",2.41,5.29,2.76,5.88B,6.53,57.30,50.23
"CACI",1.86,0.76,3.34,3.08B,2.10,125.30,103.24
"CBST",N/A,N/A,0,N/A,0,N/A,85
"CADX",N/A,N/A,N/A,N/A,N/A,N/A,N/A
"CBT",2.57,1.36,1.12,3.32B,2.45,52.61,49.70
"CAG",4.52,1.46,1.85,16.79B,2.32,38.41,36.44
"CBU",2.16,6.53,2.64,2.69B,18.04,60.35,47.08
"CAH",3.62,0.19,1.27,23.59B,2.69,73.76,77.02
"CBZ",1.52,0.92,1.21,719.86M,4.07,13.70,11.30
"CAK",N/A,N/A,0,N/A,0,N/A,0
"CCBG",1.23,2.66,5.28,350.09M,6.16,20.30,15.46
"CAKE",4.86,1.30,1.81,2.84B,7.09,62.54,52.59
"CCC",2.05,1.75,4.93,898.75M,4.87,17.50,15.17
"CALD",4.73,5.39,2.31,1.06B,3.95,16.75,18.60
"CCE",2.26,1.17,2.12,15.59B,1.24,32.47,37.15
"CALM",2.37,1.36,-0.89,2.09B,32.24,43.25,41.44
"CCF",4.72,3.45,0.00,823.63M,2.93,89.15,66.48
"CALP",N/A,N/A,N/A,N/A,N/A,N/A,N/A
"CCG",N/A,N/A,0,N/A,0,N/A,6
"CALX",1.77,0.90,-19.63,382.99M,7.21,7.95,7.28
"CCI",4.28,7.54,-3.13,29.46B,1.33,85.70,92.70
"CAM",N/A,N/A,0.00,N/A,0.00,66.01,65.09
"CCIX",N/A,N/A,N/A,N/A,N/A,N/A,N/A
"CCK",15.61,0.87,1.57,7.38B,2.59,52.78,53.61
"CHE",5.30,1.64,2.20,2.59B,14.31,159.26,140.26
"CCL",1.64,2.33,0.95,37.46B,7.40,51.50,47.69
"CHFC",1.46,9.33,4.76,3.77B,4.93,53.12,43.87
"CCMP",3.00,3.47,2.59,1.52B,3.14,61.57,51.08
"CHFN",1.13,3.84,0.00,232.58M,4.44,15.94,13.35
"CCNE",1.79,4.20,0.00,392.20M,4.63,26.93,20.18
"CHG",N/A,N/A,N/A,N/A,N/A,N/A,N/A
"CCO",N/A,0.66,7.86,1.77B,8.56,5.00,6.20
"CHH",N/A,3.35,3.47,3.13B,3.37,55.75,48.13
"CCOI",N/A,4.24,3.01,1.85B,7.64,41.20,38.44
"CHK",N/A,0.64,-20.51,5.60B,2.22,7.18,5.79
"CCRN",2.99,0.60,0.82,506.04M,6.35,14.70,13.39
"CHKE",2.12,4.31,1.82,145.05M,4.21,11.15,11.05
"CDE",2.41,2.31,-0.39,1.56B,1.38,9.08,11.70
"CHMT",2.13,1.25,0.94,2.09B,1.53,33.20,30.15
"CDI",0.76,0.16,-0.45,149.24M,6.18,7.75,6.23
"CHRS",37.58,6.19,0.00,1.21B,8.05,28.30,25.82
"CDNS",7.90,4.10,1.98,7.37B,5.13,25.54,25.19
"CHRW",8.17,0.80,2.91,10.57B,9.61,73.11,71.33
"CDR",1.37,3.44,-11.38,526.77M,21.00,6.36,7.13
"CHS",3.29,0.82,1.68,2.03B,3.50,15.81,12.35
"CDXS",8.66,3.92,-1.60,201.98M,9.32,4.80,4.36
"CHSI",N/A,N/A,N/A,N/A,N/A,N/A,N/A
"CDZI",N/A,642.84,0.00,208.28M,17.33,10.95,7.42
"CHSP",1.30,2.52,2.86,1.56B,3.17,26.67,23.94
"CE",4.31,2.16,1.35,11.73B,2.90,81.65,69.36
"CHTP",N/A,N/A,0,N/A,0,N/A,0
"CEC",N/A,N/A,0,N/A,0,N/A,1
"CHTR",1.94,3.68,3.15,78.20B,5.02,288.44,252.74
"CECO",1.96,0.93,5.36,713.00M,2.93,10.17,7.27
"CHUX",N/A,N/A,N/A,N/A,N/A,N/A,N/A
"CEDC",N/A,N/A,N/A,N/A,N/A,N/A,N/A
"CI",2.51,0.89,1.53,35.45B,0.95,136.76,129.88
"CEG",N/A,N/A,N/A,N/A,N/A,N/A,N/A
"CIA",2.05,2.25,0.00,585.45M,32.16,10.77,8.97
"CELG",16.00,8.36,0.88,89.71B,1.52,116.62,108.01
"CIE",0.45,49.04,-0.25,463.66M,11.86,1.08,1.32
"CELL",N/A,N/A,N/A,N/A,N/A,N/A,N/A
"CIEN",4.24,1.25,0.83,3.36B,5.15,23.27,20.94
"CENTA",2.83,0.86,2.23,1.57B,1.36,30.62,24.13
"CIGX",N/A,N/A,N/A,N/A,N/A,N/A,N/A
"CENX",0.80,0.55,0.91,739.27M,5.30,8.66,7.40
"CIM",1.05,5.40,2.29,3.27B,2.06,17.00,16.11
"CEPH",N/A,N/A,N/A,N/A,N/A,N/A,N/A
"CINF",1.73,2.28,-3.15,12.60B,5.60,74.69,74.21
"CERN",3.88,3.58,1.50,16.53B,3.41,48.92,58.37
"CIR",2.63,1.84,7.02,1.09B,7.72,66.69,58.47
"CERS",7.04,13.87,0.00,500.78M,15.53,4.92,5.98
"CIT",0.78,2.67,-1.58,8.66B,2.97,43.26,35.92
"CETV",N/A,0.62,-0.50,392.70M,44.51,2.70,2.37
"CIX",1.32,1.51,0.00,160.21M,7.33,13.15,11.90
"CEVA",3.53,10.69,1.44,722.88M,2.85,34.00,30.55
"CKH",1.05,1.39,-0.17,1.22B,15.05,69.51,58.04
"CF",1.78,1.75,-3.54,6.59B,5.03,29.48,25.67
"CKP",N/A,N/A,0.00,N/A,0.00,10.14,7.81
"CFFN",1.57,10.08,5.19,2.19B,10.64,16.34,14.43
"CL",N/A,3.83,2.79,58.72B,2.44,66.23,71.67
"CFN",N/A,N/A,0,N/A,0,60,57
"CLB",33.67,8.45,7.28,5.29B,10.43,120.29,114.30
"CFNB",0.83,6.28,0.00,160.87M,11.28,15.55,14.61
"CLC",3.48,2.89,3.90,4.00B,4.97,82.37,64.73
"CFNL",2.32,5.64,-2.53,1.08B,1.46,31.96,26.12
"CLD",0.37,0.43,-4.89,343.39M,2.76,5.84,4.24
"CFR",1.76,5.20,2.08,5.46B,6.90,84.57,72.14
"CLDT",1.18,2.79,2.21,815.45M,4.46,21.19,20.52
"CFX",1.56,1.23,2.53,4.54B,2.90,37.85,30.88
"CLDX",1.79,57.84,0.00,394.87M,6.70,3.83,4.07
"CGI",0.60,0.21,4.03,209.87M,9.37,8.05,8.12
"CLF",N/A,1.16,2.53,2.02B,3.17,9.20,6.57
"CGNX",5.85,11.30,1.76,5.55B,6.15,64.51,50.25
"CLFC",N/A,N/A,N/A,N/A,N/A,N/A,N/A
"CGX",N/A,N/A,0,N/A,0,N/A,0
"CLGX",2.95,1.71,1.30,3.18B,2.52,36.97,39.19
"CHCO",2.31,6.31,2.52,1.01B,14.20,66.98,51.37
"CLH",3.01,1.19,204.04,3.31B,5.50,57.78,49.89
"CHD",5.48,3.35,3.33,11.54B,4.81,44.96,48.02
"CLI",1.65,4.00,-4.92,2.54B,10.46,27.92,27.07
"CHDN",3.60,1.92,2.25,2.51B,10.09,152.65,140.04
"CLMS",0.66,0.75,17.35,172.25M,6.14,7.36,6.96
"CHDX",N/A,N/A,0,N/A,0,N/A,24
"CLNE",1.00,1.07,-0.78,448.84M,4.76,3.28,3.78
"CLNY",0.82,3.14,5.44,2.34B,8.27,20.45,18.28
"CODI",1.18,1.01,1.73,952.95M,2.48,17.40,17.38
"CLP",N/A,N/A,N/A,N/A,N/A,N/A,N/A
"COF",0.93,2.36,2.31,45.12B,2.46,89.67,72.43
"CLR",4.55,9.62,-0.23,19.22B,5.65,52.28,47.90
"COG",3.54,9.14,-1.92,10.16B,3.75,21.79,24.03
"CLUB",N/A,0.17,1.40,66.09M,2.29,2.80,2.70
"COH",3.63,2.20,1.61,9.89B,2.81,35.32,38.42
"CLW",2.32,0.63,3.72,1.13B,3.98,65.45,62.36
"COHR",3.68,3.95,1.36,3.31B,4.10,137.89,107.91
"CLWR",N/A,N/A,N/A,N/A,N/A,N/A,N/A
"COHU",1.54,1.35,2.71,364.07M,1.98,13.88,11.47
"CLX",53.02,2.64,3.33,15.32B,4.96,119.04,126.07
"COKE",6.02,0.55,0.00,1.62B,4.55,174.06,147.56
"CMA",1.51,4.54,1.20,11.69B,2.66,67.67,49.44
"COL",5.84,2.31,2.57,12.24B,4.95,93.21,85.82
"CMC",1.90,0.57,3.88,2.59B,3.81,22.61,17.50
"COLB",1.99,6.22,2.72,2.52B,6.21,43.62,32.88
"CMCO",1.75,0.85,1.83,525.27M,2.18,25.90,18.42
"COLM",2.74,1.74,2.53,4.04B,3.40,58.95,57.71
"CMCSA",3.13,2.13,1.58,167.86B,2.96,69.86,65.84
"CONN",0.76,0.24,-1.05,421.23M,14.06,12.75,9.02
"CME",1.95,11.91,3.99,41.54B,2.96,122.66,105.12
"COO",3.20,4.39,1.47,8.63B,4.34,175.21,176.46
"CMG",7.89,2.93,-44.24,11.28B,4.13,392.07,405.08
"COP",1.78,2.79,0.47,64.40B,1.87,51.94,43.43
"CMI",3.27,1.28,-9.68,23.03B,2.54,135.35,124.72
"COR",7.87,6.80,2.39,2.63B,3.72,77.45,78.19
"CMLS",0.62,0.03,0.10,31.36M,1.34,1.09,0.68
"CORE",3.84,0.18,2.22,1.99B,7.18,42.94,40.64
"CMN",N/A,N/A,0.00,N/A,0.00,81.14,72.84
"CORT",29.65,12.81,-1.50,940.43M,4.78,8.36,6.54
"CMO",0.91,8.87,1.24,1.00B,4.28,10.21,9.83
"COST",5.89,0.59,2.62,71.80B,2.94,160.41,156.44
"CMP",3.97,2.70,6.62,2.69B,25.23,78.50,74.48
"COV",N/A,N/A,0,N/A,0,N/A,0
"CMRG",N/A,N/A,N/A,N/A,N/A,N/A,N/A
"COWN",0.56,1.06,-6.79,426.66M,10.01,16.25,4.21
"CMS",2.72,1.85,2.79,11.69B,3.31,41.50,42.53
"CPA",2.17,1.79,0.18,3.90B,7.08,90.79,77.63
"CMTL",0.59,0.56,2.33,282.06M,3.02,11.51,13.01
"CPB",11.50,2.30,3.47,18.37B,3.27,59.53,58.84
"CNA",0.90,1.19,1.03,11.23B,2.53,40.78,34.19
"CPE",2.33,16.55,0.58,2.58B,4.74,15.95,13.72
"CNBC",N/A,N/A,N/A,N/A,N/A,N/A,N/A
"CPF",1.83,4.67,2.59,946.17M,3.30,30.67,25.75
"CNBKA",1.47,3.89,0.00,341.54M,6.24,61.80,46.15
"CPHD",N/A,N/A,0.00,N/A,0.00,52.95,38.36
"CNC",1.69,0.29,0.75,9.60B,1.21,56.52,65.24
"CPK",2.54,2.41,3.98,1.13B,5.78,68.35,63.14
"CNH",N/A,N/A,N/A,N/A,N/A,N/A,N/A
"CPKI",N/A,N/A,N/A,N/A,N/A,N/A,N/A
"CNK",3.68,1.54,1.31,4.51B,4.97,38.84,38.12
"CPLA",5.06,2.31,2.45,1.03B,1.50,88.05,63.93
"CNL",N/A,N/A,0.00,N/A,0.00,55.36,51.70
"CPN",1.30,0.62,22.55,4.19B,3.89,11.56,13.02
"CNMD",2.13,1.66,1.85,1.24B,6.58,44.80,42.53
"CPO",N/A,N/A,N/A,N/A,N/A,N/A,N/A
"CNO",0.75,0.85,2.61,3.38B,1.09,19.31,16.90
"CPRT",7.92,4.83,1.69,6.41B,7.42,55.85,51.84
"CNP",3.01,1.45,3.39,10.53B,2.57,24.29,23.25
"CPSI",2.02,1.28,0.96,318.28M,11.36,23.70,30.38
"CNQR",N/A,N/A,0,N/A,0,N/A,128
"CPST",0.89,0.39,-0.10,27.83M,8.49,0.81,1.30
"CNS",5.83,4.64,0.89,1.61B,7.31,34.61,39.78
"CPT",2.36,7.56,1.49,7.20B,3.87,81.83,83.54
"CNSL",6.76,1.84,20.41,1.40B,12.26,27.51,25.80
"CPTS",N/A,N/A,N/A,N/A,N/A,N/A,N/A
"CNU",N/A,N/A,N/A,N/A,N/A,N/A,N/A
"CPWM",N/A,N/A,N/A,N/A,N/A,N/A,N/A
"CNVO",N/A,N/A,N/A,N/A,N/A,N/A,N/A
"CPWR",N/A,N/A,0,N/A,0,N/A,10
"CNW",N/A,N/A,0,N/A,0,N/A,41
"CPX",N/A,N/A,N/A,N/A,N/A,N/A,N/A
"CNX",1.06,1.96,-1.17,4.30B,7.37,19.21,17.70
"CQB",N/A,N/A,0,N/A,0,N/A,2
"COBZ",2.30,4.71,1.99,675.61M,8.57,16.61,13.20
"CR",3.25,1.55,2.04,4.32B,0.91,72.66,64.13
"COCO",N/A,N/A,0.0000,N/A,0.0000,N/A,0.0671
"CRAI",1.45,0.95,3.29,300.06M,1.53,36.59,27.90
"CODE",N/A,N/A,0,N/A,0,39,28
"CRAY",1.75,1.52,2.85,825.34M,5.14,20.90,24.70
"CRD.B",N/A,N/A,N/A,N/A,N/A,N/A,N/A
"CTIC",7.07,2.13,0.00,123.21M,0.57,0.45,0.39
"CRDN",N/A,N/A,N/A,N/A,N/A,N/A,N/A
"CTL",0.95,0.75,-14.92,13.22B,3.66,24.17,27.55
"CREE",1.16,1.75,-5.41,2.76B,7.35,27.07,25.09
"CTO",2.15,4.87,0.00,308.07M,16.07,53.69,50.26
"CRI",5.78,1.43,1.44,4.50B,3.21,90.42,96.68
"CTRN",1.29,0.41,1.39,282.81M,1.32,19.12,18.42
"CRIS",11.00,57.71,0.00,430.08M,4.36,2.98,2.24
"CTS",2.57,2.02,2.08,787.88M,5.94,24.00,19.16
"CRK",N/A,0.77,-0.04,133.47M,4.13,9.63,6.74
"CTSH",3.32,2.57,1.55,34.39B,1.29,56.26,55.91
"CRL",4.13,2.29,1.34,3.55B,4.31,75.74,80.80
"CTWS",2.68,6.49,4.59,632.59M,6.19,56.64,51.57
"CRM",7.15,6.16,2.38,48.43B,1.76,69.86,76.65
"CTXS",6.00,4.14,1.68,14.26B,6.43,90.69,85.58
"CRMT",1.49,0.60,2.85,353.57M,7.56,44.55,35.88
"CUB",1.94,0.92,4.41,1.32B,6.56,49.55,44.27
"CROX",1.90,0.49,-5.52,525.85M,4.41,7.09,9.11
"CUZ",1.04,8.70,0.00,3.26B,4.43,8.19,9.65
"CRR",0.39,1.87,-0.28,248.84M,6.53,9.08,11.30
"CV",N/A,N/A,N/A,N/A,N/A,N/A,N/A
"CRRC",N/A,N/A,0.00,N/A,0.00,N/A,21.32
"CVA",3.96,1.18,-2.81,2.04B,7.79,15.35,15.39
"CRS",1.58,1.01,2.49,1.76B,6.90,37.87,36.68
"CVBF",2.40,8.21,2.42,2.43B,10.03,22.30,17.84
"CRTX",N/A,N/A,N/A,N/A,N/A,N/A,N/A
"CVC",N/A,N/A,0.00,N/A,0.00,34.87,34.86
"CRUS",3.78,2.89,0.70,3.68B,3.32,57.54,48.97
"CVCO",2.45,1.24,1.88,910.89M,4.30,100.95,97.21
"CRVL",4.76,1.36,0.00,696.84M,1.17,35.60,39.47
"CVD",N/A,N/A,0,N/A,0,106,82
"CRWN",N/A,N/A,0.00,N/A,0.00,N/A,5.14
"CVG",1.74,0.80,1.34,2.41B,6.20,24.52,27.66
"CRY",3.11,3.62,1.45,627.40M,4.20,19.30,15.69
"CVGI",2.08,0.23,1.84,161.76M,0.21,5.31,5.02
"CRZO",N/A,6.66,1.04,2.52B,5.50,39.05,37.34
"CVGW",4.63,1.12,3.90,980.02M,7.88,57.80,63.11
"CSA",N/A,N/A,0.00,N/A,0.00,41.72,36.60
"CVH",N/A,N/A,0,N/A,0,N/A,9
"CSBK",1.24,13.83,0.00,374.10M,21.53,16.90,15.34
"CVI",2.06,0.42,62.77,1.86B,5.14,21.23,15.74
"CSC",4.15,1.15,2.76,8.58B,4.65,60.23,52.12
"CVLT",5.48,3.88,4.66,2.45B,2.02,53.70,50.79
"CSCO",2.42,3.14,1.41,154.36B,1.73,30.59,30.33
"CVO",N/A,0.03,-0.17,60.11M,4.97,6.97,7.30
"CSE",N/A,N/A,N/A,N/A,N/A,N/A,N/A
"CVS",2.36,0.49,1.25,85.24B,1.16,79.56,89.50
"CSFL",2.15,5.30,2.45,1.20B,1.77,24.80,18.17
"CVTI",1.63,0.53,4.25,355.69M,3.59,20.21,19.66
"CSGP",3.84,7.64,2.28,6.18B,3.14,190.53,206.52
"CVX",1.52,2.20,3.57,222.10B,4.41,118.08,104.11
"CSGS",6.00,1.98,3.83,1.52B,8.77,49.02,41.88
"CW",3.47,2.09,3.27,4.50B,2.16,100.88,89.73
"CSH",N/A,N/A,0.00,N/A,0.00,42.20,39.65
"CWCO",1.09,2.76,2.63,160.03M,3.43,10.65,12.19
"CSII",8.35,4.70,-8.33,847.40M,4.90,26.00,22.19
"CWEI",10.40,12.07,0.00,2.01B,3.94,108.70,66.38
"CSL",2.96,1.98,1.22,7.32B,4.28,112.46,105.64
"CWH",N/A,0.17,3.02,602.89M,0.28,31.77,24.51
"CSOD",102.52,5.69,8.06,2.34B,2.28,41.52,41.63
"CWST",N/A,0.90,79.49,508.64M,1.82,12.24,9.82
"CSS",0.95,0.84,0.00,258.33M,3.60,28.43,26.29
"CWT",2.51,2.74,4.66,1.65B,8.71,34.10,32.46
"CSTR",1.59,4.96,0.00,223.27M,1.83,19.53,17.94
"CWTR",N/A,N/A,N/A,N/A,N/A,N/A,N/A
"CSU",3.95,1.11,0.63,501.44M,5.41,16.80,16.92
"CXO",2.71,13.00,48.38,19.53B,4.12,138.25,129.47
"CSWC",0.89,15.61,0.00,250.94M,1.03,15.80,14.48
"CXPO",N/A,N/A,N/A,N/A,N/A,N/A,N/A
"CSX",2.90,3.12,3.44,33.94B,1.80,36.04,29.88
"CXS",N/A,N/A,N/A,N/A,N/A,N/A,N/A
"CTAS",6.32,2.51,2.44,12.61B,6.38,119.69,107.83
"CXW",1.95,1.54,1.12,2.84B,1.81,24.00,23.43
"CTB",1.97,0.71,-12.69,2.11B,8.79,38.95,34.56
"CY",1.79,1.93,1.00,3.66B,7.38,11.00,11.04
"CTBI",1.56,4.59,3.29,788.17M,3.21,44.45,37.30
"CYBX",N/A,N/A,0.00,N/A,0.00,N/A,63.13
"CTCT",N/A,N/A,0.00,N/A,0.00,N/A,27.72
"CYH",0.34,0.03,161.43,615.45M,3.95,5.65,10.17
"CTGX",N/A,N/A,N/A,N/A,N/A,N/A,N/A
"CYMI",N/A,N/A,N/A,N/A,N/A,N/A,N/A
"CYN",N/A,N/A,0,N/A,0,N/A,90
"DGX",2.75,1.71,2.23,12.81B,4.20,92.31,83.49
"CYNO",2.39,2.64,1.74,1.02B,7.16,45.75,49.23
"DHI",1.54,0.86,0.96,10.45B,1.85,28.04,30.60
"CYS",0.78,5.31,-1.35,1.21B,1.96,7.71,8.49
"DHIL",4.68,5.24,0.00,674.89M,2.48,209.91,190.73
"CYT",N/A,N/A,0,N/A,0,N/A,70
"DHR",2.36,2.41,2.29,54.37B,3.26,79.22,78.51
"CYTX",2.38,2.78,0.00,32.80M,3.60,1.59,1.96
"DHT",0.54,0.99,0.92,355.72M,4.02,3.89,4.49
"CZNC",1.63,5.45,0.00,311.70M,11.62,25.64,21.79
"DHX",3.18,1.36,1.23,326.06M,3.26,6.50,6.88
"D",3.18,4.24,3.30,47.95B,6.84,75.87,74.68
"DIN",5.86,2.31,3.52,1.44B,2.60,83.03,80.97
"DAKT",2.17,0.76,1.38,458.34M,9.71,10.21,8.24
"DIOD",1.58,1.37,1.20,1.27B,6.66,25.89,20.56
"DAL",2.97,0.94,0.93,37.31B,1.58,50.16,40.77
"DIS",3.84,2.97,1.70,167.58B,2.10,103.91,96.31
"DAN",3.51,0.47,53.85,2.73B,2.16,18.84,14.36
"DISCA",3.25,2.00,0.91,12.87B,5.95,28.39,26.27
"DAR",1.14,0.68,8.07,2.25B,1.63,13.73,14.21
"DISH",6.33,1.79,-16.96,27.00B,5.86,58.40,53.89
"DBD",2.55,0.70,1.54,1.89B,4.67,24.95,25.14
"DK",1.57,0.28,-1.42,1.48B,4.77,24.02,16.32
"DCI",7.22,2.52,3.18,5.70B,9.49,42.72,37.28
"DKS",3.37,0.84,1.50,6.46B,1.81,56.96,53.97
"DCO",1.38,0.52,60.00,295.41M,2.34,26.14,22.01
"DLA",1.00,0.36,0.74,149.53M,7.51,20.04,19.49
"DCOM",1.29,3.36,12.85,734.82M,4.65,19.55,17.56
"DLB",2.36,4.59,1.76,4.71B,5.52,45.86,49.10
"DCT",2.32,11.24,-2.00,4.30B,3.05,46.94,47.02
"DLGC",N/A,N/A,0.00,N/A,0.00,N/A,0.15
"DCTH",0.47,1.74,-0.04,2.94M,0.98,1.39,3.26
"DLLR",N/A,N/A,0,N/A,0,N/A,0
"DD",6.84,2.64,2.91,65.23B,3.06,74.86,68.70
"DLR",3.63,7.22,-24.07,15.35B,9.56,94.59,98.20
"DDD",2.64,2.60,3.55,1.70B,8.58,15.06,14.60
"DLTR",3.94,0.97,1.06,19.89B,2.06,84.20,86.64
"DDIC",N/A,N/A,N/A,N/A,N/A,N/A,N/A
"DLX",4.10,1.90,1.92,3.53B,12.02,71.72,66.96
"DDR",1.88,5.37,-8.25,5.56B,1.75,15.04,17.31
"DM",1.41,6.42,10.51,2.18B,1.60,27.80,26.00
"DDS",1.22,0.32,-1.50,2.16B,6.16,63.50,63.36
"DMAN",N/A,N/A,N/A,N/A,N/A,N/A,N/A
"DE",4.91,1.21,1.19,32.19B,5.71,101.76,86.31
"DMD",N/A,N/A,0.00,N/A,0.00,6.35,5.63
"DECK",1.82,0.95,4.68,1.72B,5.91,54.16,59.91
"DMND",N/A,N/A,0.00,N/A,0.00,N/A,35.96
"DEI",2.92,7.71,12.17,5.54B,3.37,36.52,36.20
"DMRC",3.61,13.03,-0.61,282.32M,19.01,27.95,33.20
"DEL",3.94,4.56,0.00,952.01M,7.67,78.99,67.69
"DNB",N/A,2.62,2.97,4.43B,3.14,120.03,128.48
"DELL",N/A,N/A,0,N/A,0,N/A,0
"DNBK",N/A,N/A,N/A,N/A,N/A,N/A,N/A
"DENN",N/A,1.89,1.73,944.22M,3.85,12.90,11.08
"DNDN",N/A,N/A,N/A,N/A,N/A,N/A,N/A
"DEPO",3.93,2.58,1.12,1.12B,5.12,18.57,21.07
"DNR",1.77,1.56,-149.22,1.53B,6.26,3.85,3.26
"DEST",1.05,0.22,0.00,98.38M,25.22,7.00,6.43
"DO",0.72,1.56,-0.57,2.64B,6.40,19.18,19.84
"DF",3.37,0.26,0.99,1.98B,7.13,21.97,17.96
"DOLE",N/A,N/A,N/A,N/A,N/A,N/A,N/A
"DFG",N/A,N/A,N/A,N/A,N/A,N/A,N/A
"DORM",4.32,3.00,1.63,2.52B,20.04,72.65,62.64
"DFR",N/A,N/A,N/A,N/A,N/A,N/A,N/A
"DOV",3.10,1.75,3.31,11.76B,1.27,75.58,70.94
"DFS",2.63,3.94,1.75,28.47B,1.84,71.69,58.67
"DOW",2.62,1.41,2.45,65.91B,7.81,58.41,53.26
"DFT",4.03,6.47,13.04,3.27B,6.79,42.40,43.53
"DOX",2.54,2.35,2.25,8.84B,1.62,59.56,58.60
"DFZ",N/A,N/A,0,N/A,0,N/A,19
"DPL",N/A,N/A,N/A,N/A,N/A,N/A,N/A
"DG",3.96,1.00,1.64,20.98B,2.77,76.85,81.20
"DPS",7.83,2.60,2.08,16.60B,4.51,90.65,91.49
"DGI",1.50,2.53,133.37,1.86B,12.25,29.05,25.99
"DPZ",N/A,3.21,2.11,7.75B,3.80,160.04,149.06
"DGICA",1.04,0.69,1.42,484.15M,2.67,17.29,16.15
"DRC",N/A,N/A,0.00,N/A,0.00,85.18,82.23
"DGII",1.19,1.78,1.09,371.13M,1.11,13.70,11.53
"DRCO",N/A,N/A,N/A,N/A,N/A,N/A,N/A
"DGIT",N/A,N/A,N/A,N/A,N/A,N/A,N/A
"DRE",2.67,10.16,6.39,9.28B,1.95,26.18,26.34
"DRH",1.23,2.45,-2.11,2.28B,4.76,11.30,9.72
"ECOL",3.83,2.10,3.06,1.06B,5.33,48.15,45.11
"DRI",5.16,1.34,1.39,9.31B,5.41,75.53,65.39
"ECPG",1.18,0.63,0.53,689.36M,10.31,26.75,23.35
"DRIV",N/A,N/A,0,N/A,0,N/A,24
"ECYT",0.80,1678.64,0.00,117.51M,11.60,2.78,3.12
"DRL",N/A,N/A,0,N/A,0,1,5
"ED",1.55,1.83,8.57,22.26B,5.94,72.68,75.40
"DRQ",1.71,3.70,-0.47,2.31B,11.54,62.45,56.20
"EDE",1.82,2.49,4.61,1.51B,7.67,34.08,33.99
"DRRX",13.23,10.87,-0.23,174.61M,6.63,1.23,1.44
"EDMC",N/A,0.0005,0.0000,1.03M,15.6600,0.0086,0.0147
"DSPG",1.81,1.93,4.63,259.46M,2.69,12.20,11.06
"EDR",1.66,10.69,6.38,3.04B,8.82,40.93,43.49
"DST",3.06,1.20,1.92,3.45B,1.27,108.35,114.28
"EE",1.77,2.17,2.87,1.91B,2.32,46.90,45.93
"DSW",2.11,0.72,3.56,1.96B,2.98,24.20,22.68
"EEFT",4.12,2.00,1.25,3.86B,3.28,72.98,77.16
"DTE",1.93,1.72,3.25,17.63B,3.51,98.20,94.73
"EF",N/A,N/A,N/A,N/A,N/A,N/A,N/A
"DTG",N/A,N/A,N/A,N/A,N/A,N/A,N/A
"EFII",2.46,2.08,1.02,2.09B,13.28,43.69,44.78
"DTSI",N/A,N/A,1.20,N/A,0.00,42.52,33.82
"EFSC",2.12,5.19,1.93,832.46M,1.52,40.45,31.63
"DTV",N/A,N/A,0.00,N/A,0.00,53.99,51.87
"EFX",5.09,4.65,1.76,13.89B,1.86,116.97,127.53
"DUF",N/A,N/A,N/A,N/A,N/A,N/A,N/A
"EGBN",2.52,7.73,1.83,2.06B,9.86,61.30,51.31
"DUK",1.30,2.31,9.61,53.14B,2.31,76.59,80.19
"EGHT",4.70,5.66,3.05,1.35B,3.77,14.60,14.26
"DUSA",N/A,N/A,N/A,N/A,N/A,N/A,N/A
"EGLE",N/A,N/A,0.00,N/A,0.00,5.92,7.20
"DV",1.25,1.08,1.95,2.04B,8.86,31.90,22.99
"EGN",1.79,9.07,-2.22,5.71B,3.07,58.52,53.12
"DVA",2.65,0.88,1.28,12.87B,3.12,64.94,68.09
"EGOV",10.33,5.38,1.30,1.65B,5.72,25.35,22.99
"DVAX",1.57,38.21,0.00,169.52M,3.43,4.40,11.99
"EGP",3.95,9.58,4.87,2.39B,4.56,72.51,70.06
"DVN",4.25,2.39,-115.23,24.63B,1.71,47.38,41.14
"EGY",21.64,1.13,-1.34,73.88M,1.17,1.19,0.94
"DVOX",N/A,N/A,N/A,N/A,N/A,N/A,N/A
"EHTH",2.10,1.01,12.33,190.20M,2.59,10.60,11.48
"DVR",N/A,N/A,0,N/A,0,N/A,0
"EIG",1.38,1.53,1.78,1.20B,2.14,36.65,30.83
"DW",5.01,1.65,1.43,2.70B,4.27,108.15,93.61
"EIX",1.98,2.06,8.65,23.33B,3.03,71.72,73.05
"DWA",N/A,N/A,0.00,N/A,0.00,40.97,0.00
"EK",N/A,N/A,N/A,N/A,N/A,N/A,N/A
"DWSN",1.07,1.20,-0.13,192.52M,7.99,8.82,7.48
"EL",7.63,2.47,2.25,27.95B,2.57,76.13,87.73
"DX",0.90,10.94,-0.75,348.47M,2.06,7.02,7.00
"ELGX",4.33,3.13,-0.26,590.41M,6.70,7.00,11.54
"DXCM",20.47,10.06,-2.51,5.37B,4.19,63.41,80.01
"ELLI",4.36,8.36,1.51,2.77B,2.66,81.98,93.85
"DXPE",2.66,0.62,91.63,635.54M,2.88,36.65,23.76
"ELMG",N/A,N/A,N/A,N/A,N/A,N/A,N/A
"DY",4.03,0.88,1.10,2.49B,5.96,78.61,85.13
"ELNK",21.79,0.59,23.21,589.69M,1.42,5.49,6.18
"DYAX",N/A,N/A,0.00,N/A,0.00,N/A,29.05
"ELON",0.8939,0.6683,0.0000,22.24M,0.9100,5.1999,5.0073
"DYN",0.56,0.24,-0.35,1.01B,3.88,8.71,13.23
"ELRC",N/A,N/A,0.00,N/A,0.00,N/A,11.39
"EAT",N/A,0.79,1.57,2.52B,5.73,51.52,50.05
"ELS",7.00,7.04,12.65,6.10B,2.81,70.99,75.50
"EBAY",4.85,3.72,2.05,32.84B,1.79,29.61,28.91
"ELX",N/A,N/A,0,N/A,0,8,7
"EBF",1.79,0.82,3.39,446.51M,6.69,17.50,17.01
"ELY",2.20,1.23,0.74,1.06B,2.23,11.28,11.08
"EBIX",4.47,6.66,2.12,1.93B,20.77,59.25,54.76
"EM",N/A,N/A,N/A,N/A,N/A,N/A,N/A
"EBS",2.65,2.74,1.52,1.38B,10.21,35.88,30.68
"EMAN",2.59,2.62,-1.78,61.66M,6.40,1.95,2.32
"EBSB",1.59,7.82,2.50,958.46M,3.12,18.60,15.77
"EMC",N/A,N/A,0.00,N/A,0.00,29.05,27.28
"EBTC",1.97,4.44,0.00,426.25M,6.57,37.24,26.65
"EMCI",1.10,0.99,3.58,644.27M,4.03,29.39,27.39
"EBTX",N/A,N/A,N/A,N/A,N/A,N/A,N/A
"EME",2.76,0.59,1.49,4.34B,2.64,71.75,57.59
"ECHO",2.06,0.46,1.04,771.57M,12.57,26.75,24.04
"EMKR",2.16,2.52,1.42,233.58M,4.43,8.85,5.97
"ECL",5.10,2.65,2.36,35.15B,3.42,120.27,118.89
"EMN",2.51,1.23,2.26,11.18B,2.01,76.03,69.53
"EMR",4.73,2.47,6.53,36.19B,3.64,55.73,53.27
"ESSA",0.98,3.26,0.00,173.06M,3.88,16.60,14.02
"END",N/A,N/A,0,N/A,0,N/A,0
"ESSX",0.0941,0.0442,-0.0300,3.91M,0.5300,0.1750,0.2624
"ENDP",0.59,0.93,-4.80,3.57B,340.21,16.03,18.55
"ETFC",1.60,4.55,0.89,9.55B,1.50,34.56,27.90
"ENH",1.26,2.53,2.19,6.25B,1.48,92.42,76.01
"ETH",2.58,1.28,1.15,1.06B,20.14,36.85,33.29
"ENOC",1.70,0.44,-0.34,183.44M,14.91,6.25,6.05
"ETM",1.61,1.36,9.10,623.36M,8.26,15.25,13.84
"ENR",N/A,1.63,1.70,2.67B,5.23,43.04,47.86
"ETN",2.00,1.54,1.92,30.63B,1.07,68.06,64.26
"ENS",3.15,1.43,1.06,3.47B,2.25,77.61,68.17
"ETR",1.30,1.22,-1.27,13.11B,3.10,73.17,76.26
"ENSG",2.61,0.71,1.10,1.15B,12.87,22.46,20.38
"EV",6.39,3.35,2.06,4.55B,6.78,41.12,38.06
"ENTG",2.84,2.24,1.63,2.57B,5.71,18.00,16.37
"EVC",3.40,2.37,1.32,591.89M,3.64,6.70,7.10
"ENTR",N/A,N/A,0,N/A,0,N/A,3
"EVR",5.80,1.88,2.44,2.67B,2.82,67.70,53.84
"ENV",3.62,2.92,1.94,1.57B,13.86,36.65,36.73
"EW",7.26,6.82,1.81,19.56B,0.73,91.39,105.03
"ENZ",3.57,3.04,0.00,314.30M,5.69,6.83,6.08
"EWBC",2.12,6.53,1.81,7.23B,0.92,49.60,38.50
"ENZN",0.701,1.420,0.000,14.63M,1.030,0.342,0.390
"EXAC",1.59,1.53,2.29,389.35M,4.94,27.35,26.71
"EOG",4.86,8.59,-0.22,59.65B,2.17,104.00,90.24
"EXAM",N/A,N/A,0.00,N/A,0.00,35.06,35.01
"EP",N/A,N/A,N/A,N/A,N/A,N/A,N/A
"EXAR",2.18,3.39,2.32,516.52M,2.82,10.37,8.91
"EPAX",N/A,N/A,0.00,N/A,0.00,N/A,2.56
"EXAS",4.29,19.79,-0.37,1.52B,9.37,14.34,15.83
"EPAY",3.22,2.70,1.65,923.85M,9.64,24.41,22.84
"EXBD",N/A,N/A,N/A,N/A,N/A,N/A,N/A
"EPHC",N/A,N/A,N/A,N/A,N/A,N/A,N/A
"EXC",1.27,1.09,8.52,33.01B,2.95,35.72,34.24
"EPIQ",N/A,N/A,0.00,N/A,0.00,N/A,15.53
"EXEL",149.91,38.85,1.42,4.67B,2.18,16.79,11.56
"EPL",N/A,N/A,0,N/A,0,N/A,0
"EXH",N/A,N/A,0,N/A,0,N/A,27
"EPM",4.61,11.84,0.00,321.02M,1.76,9.65,6.61
"EXL",N/A,N/A,0,N/A,0,16,15
"EPOC",N/A,N/A,N/A,N/A,N/A,N/A,N/A
"EXLS",3.29,2.52,1.52,1.70B,1.72,50.79,49.64
"EPR",2.02,9.54,3.21,4.54B,4.72,69.62,75.83
"EXM",N/A,N/A,N/A,N/A,N/A,N/A,N/A
"EQIX",N/A,N/A,0.00,N/A,0.00,350.00,0.00
"EXP",4.32,4.09,2.94,4.80B,2.66,98.33,82.93
"EQR",2.32,9.28,2.06,23.45B,3.47,64.05,64.40
"EXPD",5.26,1.61,3.61,9.81B,6.16,53.95,50.83
"EQT",1.86,6.67,18.60,11.36B,6.20,65.07,71.63
"EXPE",4.50,2.09,0.91,17.44B,6.25,116.66,115.93
"EQY",2.35,11.66,4.87,4.42B,0.83,30.05,30.40
"EXPO",5.91,5.32,3.04,1.56B,10.56,61.60,54.76
"ERIE",6.95,N/A,2.86,5.90B,7.32,111.50,101.25
"EXPR",1.47,0.39,1.16,908.67M,1.84,11.45,13.29
"ERII",10.64,11.73,-59.65,617.74M,5.26,11.89,11.76
"EXR",4.24,9.63,5.41,9.43B,4.51,74.20,81.05
"ERT",N/A,N/A,N/A,N/A,N/A,N/A,N/A
"EXTR",5.92,1.02,0.77,537.41M,4.03,5.03,4.07
"ERTS",N/A,N/A,N/A,N/A,N/A,N/A,N/A
"EXXI",N/A,N/A,0.00,N/A,0.00,N/A,1.07
"ES",1.63,2.29,3.09,17.45B,2.35,54.57,55.25
"EZPW",0.95,0.77,3.78,557.00M,10.04,10.40,9.65
"ESBF",N/A,N/A,0,N/A,0,N/A,0
"F",1.59,0.33,4.42,50.31B,3.22,12.63,12.48
"ESC",N/A,N/A,0,N/A,0,N/A,0
"FAF",1.36,0.75,1.66,4.06B,4.05,37.30,39.84
"ESE",2.39,2.57,1.66,1.49B,2.11,57.10,45.75
"FALC",N/A,0.8128,0.0000,25.33M,7.9700,0.6000,0.9565
"ESGR",1.37,3.13,1.65,3.94B,5.95,197.75,169.52
"FARM",3.12,1.07,1.12,571.39M,8.29,35.05,32.44
"ESI",N/A,N/A,0.000,N/A,0.000,0.358,2.111
"FARO",1.83,1.94,3.25,626.94M,3.99,37.90,34.76
"ESIO",1.28,1.22,-0.52,206.47M,3.58,6.49,5.76
"FAST",7.27,3.53,3.41,13.88B,6.67,48.05,43.18
"ESL",1.66,1.34,1.65,2.69B,2.58,90.50,73.01
"FBC",1.17,1.87,5.54,1.50B,7.19,26.56,26.74
"ESRX",2.76,0.42,0.82,42.69B,4.22,69.92,73.87
"FBCM",N/A,N/A,N/A,N/A,N/A,N/A,N/A
"ESS",2.44,11.26,6.52,15.00B,4.16,227.00,220.57
"FBN",N/A,N/A,N/A,N/A,N/A,N/A,N/A
"FBNC",1.53,3.80,2.47,556.29M,10.22,27.21,20.28
"FIZZ",8.75,3.06,0.92,2.36B,10.50,50.05,52.27
"FC",3.05,1.43,3.24,287.54M,4.30,20.80,17.22
"FL",3.79,1.30,1.72,9.97B,4.16,75.44,64.31
"FCBC",1.53,4.60,4.21,517.65M,8.59,30.39,24.24
"FLDM",3.48,2.15,0.38,232.94M,9.35,8.12,8.11
"FCE.A",N/A,N/A,N/A,N/A,N/A,N/A,N/A
"FLIC",2.13,7.41,2.94,669.10M,5.36,28.15,31.53
"FCEL",0.52,0.48,-0.07,70.43M,5.79,1.95,4.77
"FLIR",2.98,3.03,1.22,4.92B,1.19,36.22,32.06
"FCF",1.62,5.35,3.89,1.24B,10.24,13.68,10.26
"FLO",3.39,1.02,2.93,3.99B,11.71,19.20,16.62
"FCFS",1.59,2.79,1.92,2.25B,3.23,47.00,48.57
"FLOW",1.58,0.61,-2.28,1.33B,1.82,30.97,28.44
"FCH",N/A,1.27,-5.12,1.12B,5.88,8.11,6.66
"FLR",2.46,0.42,2.54,7.54B,2.36,54.97,51.56
"FCN",1.51,1.03,1.66,1.86B,7.15,45.20,42.98
"FLS",3.69,1.50,2.87,6.33B,6.19,48.20,47.10
"FCNCA",1.40,3.20,0.00,4.32B,4.80,359.04,287.35
"FLT",4.32,7.86,1.45,13.27B,1.42,148.04,157.49
"FCS",N/A,N/A,0.00,N/A,0.00,N/A,19.88
"FLWS",2.99,0.57,1.09,688.71M,7.23,10.35,9.39
"FCX",3.98,1.24,1.97,18.45B,1.92,13.83,11.85
"FMBI",1.55,4.22,2.88,1.98B,2.73,24.17,19.76
"FDEF",1.54,4.09,1.79,457.58M,3.83,50.22,43.01
"FMC",3.69,2.32,1.87,7.65B,3.87,57.48,49.27
"FDML",1.99,0.23,0.00,1.69B,14.96,10.00,9.16
"FMD",N/A,N/A,0.00,N/A,0.00,5.05,4.21
"FDO",N/A,N/A,0.00,N/A,0.00,79.39,78.48
"FMER",N/A,N/A,0.00,N/A,0.00,N/A,21.07
"FDP",1.74,0.79,1.92,3.16B,4.15,61.72,58.70
"FN",2.59,1.39,1.44,1.55B,2.70,41.24,39.97
"FDS",12.80,5.86,2.40,6.60B,8.69,165.34,164.87
"FNB",1.32,4.56,4.03,3.28B,9.65,15.63,13.04
"FDX",3.69,0.99,1.72,52.52B,2.53,196.48,170.12
"FNF",1.59,1.00,0.81,9.34B,2.68,34.39,35.90
"FE",1.18,0.94,-2.28,13.47B,2.18,31.78,33.23
"FNFG",N/A,N/A,0.00,N/A,0.00,10.18,0.00
"FEIC",N/A,N/A,0.00,N/A,0.00,N/A,98.82
"FNGN",3.15,5.85,1.29,2.30B,24.59,36.80,29.50
"FELE",2.97,1.98,0.62,1.83B,5.37,39.80,37.71
"FNLC",1.92,6.33,0.00,336.68M,10.97,31.36,23.51
"FF",1.44,2.84,1.27,615.59M,1.14,14.12,11.79
"FNSR",2.76,2.58,0.83,3.47B,4.78,31.17,24.53
"FFBC",2.01,5.28,15.02,1.74B,1.89,27.95,22.02
"FO",N/A,N/A,N/A,N/A,N/A,N/A,N/A
"FFCH",N/A,N/A,N/A,N/A,N/A,N/A,N/A
"FOE",3.98,1.09,0.79,1.24B,2.93,14.72,13.67
"FFG",1.49,2.69,1.31,1.99B,3.95,78.30,65.67
"FOLD",2.05,323.86,-0.09,697.40M,6.64,4.84,6.86
"FFIC",1.60,4.07,4.54,829.18M,5.17,28.38,22.90
"FOR",0.87,1.59,1.96,448.39M,13.14,13.15,12.11
"FFIN",3.36,9.78,2.85,2.96B,27.95,44.55,36.74
"FORM",1.96,2.45,1.31,827.76M,5.40,11.50,9.92
"FFIV",7.97,4.74,1.57,9.48B,4.77,144.64,125.27
"FORR",5.49,2.43,2.93,799.77M,2.77,43.10,39.04
"FFN",N/A,N/A,N/A,N/A,N/A,N/A,N/A
"FOSL",1.43,0.45,-2.38,1.36B,6.65,28.87,29.80
"FHCO",0.8834,1.4587,0.0000,31.02M,2.1500,1.0300,1.2117
"FPIC",N/A,N/A,N/A,N/A,N/A,N/A,N/A
"FHN",1.95,3.69,2.16,4.61B,5.68,19.65,15.55
"FPO",1.37,3.64,0.00,611.71M,3.67,10.42,9.46
"FIBK",1.91,4.90,2.20,1.88B,6.21,41.75,31.64
"FPTB",N/A,N/A,N/A,N/A,N/A,N/A,N/A
"FICO",8.37,4.24,3.33,3.75B,3.39,120.91,120.23
"FR",2.64,8.63,2.80,3.25B,4.45,27.56,27.36
"FII",3.97,2.46,1.04,2.72B,5.16,27.33,29.75
"FRC",2.51,6.47,1.41,13.53B,2.81,88.78,75.35
"FINL",1.77,0.47,1.01,920.35M,8.66,22.43,21.65
"FRED",1.21,0.20,-2.86,417.22M,11.82,11.50,12.11
"FIRE",N/A,N/A,N/A,N/A,N/A,N/A,N/A
"FRF",N/A,N/A,0,N/A,0,N/A,10
"FIS",2.60,2.90,1.42,24.97B,2.37,76.64,76.67
"FRM",N/A,N/A,0,N/A,0,N/A,7
"FISI",1.55,3.84,2.03,477.24M,1.21,33.25,27.62
"FRME",1.63,5.37,2.72,1.49B,2.42,35.97,27.93
"FISV",9.07,4.27,1.89,23.30B,3.44,107.03,103.89
"FRNK",N/A,N/A,0,N/A,0,N/A,21
"FITB",1.31,3.33,9.03,20.58B,2.69,26.80,20.71
"FRO",0.83,1.59,0.61,1.11B,6.45,7.43,7.76
"FIX",3.51,0.79,1.97,1.28B,2.25,34.30,30.46
"FRP",N/A,0.63,-4.21,513.20M,11.30,19.35,15.27
"FRPT",3.27,2.50,-4.80,318.00M,18.07,10.15,9.41
"GCAP",1.15,0.87,0.61,341.21M,4.47,6.91,6.28
"FRT",5.13,12.74,8.10,10.20B,3.64,140.26,153.54
"GCI",1.11,0.40,0.00,1.17B,3.66,10.11,11.83
"FRX",N/A,N/A,0,N/A,0,N/A,0
"GCO",1.51,0.45,1.71,1.32B,10.66,65.50,62.41
"FSC",N/A,N/A,4.82,N/A,0.00,5.38,5.53
"GCOM",N/A,N/A,0,N/A,0,N/A,0
"FSCI",N/A,N/A,0,N/A,0,N/A,0
"GD",4.68,1.71,2.46,53.08B,1.46,174.41,152.37
"FSII",N/A,N/A,N/A,N/A,N/A,N/A,N/A
"GDI",N/A,N/A,N/A,N/A,N/A,N/A,N/A
"FSL",N/A,N/A,0,N/A,0,N/A,38
"GDOT",1.79,1.70,1.21,1.19B,4.75,23.98,23.18
"FSLR",0.61,1.07,-0.23,3.63B,3.36,35.11,40.29
"GDP",N/A,N/A,0.00,N/A,0.00,N/A,0.70
"FSP",1.43,5.66,0.00,1.39B,4.27,12.87,12.24
"GE",3.43,2.28,1.78,282.38B,2.78,31.75,30.59
"FSR",N/A,N/A,N/A,N/A,N/A,N/A,N/A
"GEF",2.69,0.77,2.09,2.54B,5.84,53.37,44.99
"FSS",2.34,1.31,1.54,947.70M,2.28,15.65,13.55
"GEN",N/A,0.07,-0.34,380.93M,5.02,4.18,2.52
"FST",N/A,N/A,0,N/A,0,N/A,37
"GEO",2.65,1.21,1.23,2.57B,2.68,34.60,29.10
"FSTR",0.87,0.30,-1.84,154.34M,3.34,14.90,11.80
"GEOI",N/A,N/A,N/A,N/A,N/A,N/A,N/A
"FSYS",N/A,N/A,0.00,N/A,0.00,5.40,4.90
"GEOY",N/A,N/A,N/A,N/A,N/A,N/A,N/A
"FTEK",0.53,0.43,0.00,28.14M,1.33,1.18,1.42
"GERN",2.64,54.16,-2.21,337.39M,21.26,2.14,2.44
"FTI",2.94,1.61,-2.59,7.82B,3.30,34.90,29.52
"GES",1.07,0.49,6.45,1.07B,4.84,12.61,14.86
"FTK",1.96,2.00,-5.06,594.81M,14.39,10.40,13.45
"GET",N/A,N/A,N/A,N/A,N/A,N/A,N/A
"FTNT",6.28,4.26,2.07,5.15B,1.35,29.77,33.37
"GEVO",0.4554,1.0635,-0.0100,28.56M,1.7300,0.2318,0.4746
"FTO",N/A,N/A,N/A,N/A,N/A,N/A,N/A
"GFF",2.47,0.52,2.57,1.03B,9.48,25.20,18.05
"FTR",0.88,0.53,-4.88,4.19B,9.57,3.56,4.39
"GFIG",N/A,N/A,0.00,N/A,0.00,N/A,6.10
"FUBC",N/A,N/A,0,N/A,0,N/A,9
"GGC",N/A,N/A,N/A,N/A,N/A,N/A,N/A
"FUL",2.56,1.18,1.97,2.45B,4.20,48.72,46.19
"GGG",6.50,3.54,3.62,4.68B,10.41,83.05,76.96
"FULT",1.53,4.68,-8.81,3.32B,4.05,18.85,14.87
"GGP",2.69,9.04,3.46,23.15B,3.57,26.09,27.94
"FUR",N/A,N/A,0.00,N/A,0.00,9.33,11.33
"GGS",N/A,N/A,0,N/A,0,N/A,1
"FURX",N/A,N/A,0,N/A,0,N/A,0
"GHDX",7.18,3.24,-12.29,1.02B,5.36,30.98,28.63
"FVE",0.82,0.12,-0.43,138.63M,0.71,2.80,2.30
"GHL",2.80,2.58,0.78,817.37M,10.47,27.00,22.31
"FWRD",2.95,1.51,1.87,1.47B,3.06,48.24,45.39
"GHM",2.00,2.64,4.10,219.03M,4.69,22.56,19.26
"FXCB",N/A,N/A,0.00,N/A,0.00,N/A,19.67
"GIFI",0.63,0.59,0.76,181.59M,3.67,11.50,8.96
"FXCM",N/A,0.18,0.00,47.34M,24.79,8.75,8.75
"GIII",1.44,0.64,1.43,1.50B,9.17,30.44,35.87
"FXEN",N/A,N/A,0.00,N/A,0.00,N/A,1.02
"GILD",5.81,3.09,-10.09,98.02B,1.57,74.10,79.12
"G",3.72,1.90,1.40,4.82B,6.72,24.02,24.81
"GIS",7.69,2.31,2.96,37.29B,3.20,63.50,65.96
"GABC",2.37,6.83,2.42,811.67M,11.13,52.95,38.20
"GKNT",N/A,N/A,0.00,N/A,0.00,N/A,11.25
"GAIN",N/A,N/A,1.63,N/A,0.00,8.38,8.16
"GKSR",N/A,N/A,N/A,N/A,N/A,N/A,N/A
"GAS",N/A,N/A,0.00,N/A,0.00,65.97,64.88
"GLAD",N/A,N/A,1.34,N/A,0.00,9.05,8.02
"GB",N/A,N/A,0.00,N/A,0.00,30.93,37.20
"GLBC",N/A,N/A,N/A,N/A,N/A,N/A,N/A
"GBCI",2.46,6.85,2.31,2.78B,7.58,36.89,29.18
"GLBL",0.47,4.78,0.04,466.84M,4.97,3.55,3.55
"GBDC",N/A,N/A,1.42,N/A,0.00,18.05,18.34
"GLCH",0.11,3.50,0.00,8.34M,0.10,1.35,1.33
"GBL",N/A,2.68,0.00,930.24M,11.39,31.68,31.64
"GLDD",1.08,0.35,-11.25,265.09M,3.21,4.50,4.12
"GBLI",0.84,1.28,3.01,665.81M,9.61,37.59,30.92
"GLF",0.09,0.31,-0.06,47.24M,15.08,1.70,2.32
"GBX",1.35,0.44,1.30,1.22B,17.37,41.85,33.50
"GLNG",1.38,28.90,0.17,2.26B,6.88,23.65,20.27
"GCA",N/A,N/A,0,N/A,0,N/A,7
"GLPW",0.280,0.146,0.000,78.60M,2.400,4.590,3.633
"GLRE",1.07,1.84,2.78,885.57M,8.90,23.65,20.75
"GRT",N/A,N/A,0,N/A,0,N/A,0
"GLT",1.52,0.64,2.06,1.07B,4.62,24.13,21.43
"GS",1.32,3.37,0.79,100.12B,1.38,238.90,173.65
"GLUU",1.17,1.35,-0.37,285.61M,7.03,2.17,2.23
"GSAT",4.45,11.93,-0.70,1.46B,12.05,1.05,1.15
"GLW",1.50,2.53,0.96,23.17B,3.91,24.30,22.50
"GSBC",1.81,4.04,2.93,762.50M,3.41,54.75,42.15
"GM",1.22,0.34,0.72,55.49B,3.02,36.37,31.69
"GSIG",N/A,N/A,0.00,N/A,0.00,14.77,13.53
"GMAN",0.58,0.02,-0.07,12.86M,48.92,0.67,1.06
"GSIT",1.42,2.36,3.51,121.96M,0.43,5.99,4.83
"GMCR",N/A,N/A,0.00,N/A,0.00,N/A,69.10
"GSM",1.62,1.27,-2.97,1.91B,3.52,11.01,9.36
"GME",1.23,0.28,0.92,2.64B,6.53,25.42,27.02
"GSOL",1.41,1.37,0.00,218.37M,8.02,9.20,8.68
"GMO",0.2674,N/A,0.0000,28.36M,0.0500,0.2698,0.3064
"GSS",N/A,1.0192,3.6700,218.09M,3.8700,0.6959,0.7631
"GMR",N/A,N/A,0.00,N/A,0.00,N/A,0.00
"GST",N/A,2.90,-0.09,181.02M,5.62,1.34,1.02
"GMT",N/A,N/A,0.00,N/A,0.00,43.97,44.02
"GT",1.89,0.55,1.29,8.36B,5.74,32.34,29.39
"GMXR",N/A,N/A,N/A,N/A,N/A,N/A,N/A
"GTI",N/A,N/A,0,N/A,0,N/A,5
"GNC",2.53,0.35,-0.78,887.14M,3.93,13.02,20.33
"GTIV",N/A,N/A,0,N/A,0,N/A,19
"GNCMA",10.68,0.69,4.39,664.61M,7.05,18.02,15.10
"GTLS",1.63,1.28,1.82,1.16B,5.40,37.79,30.20
"GNET",N/A,N/A,N/A,N/A,N/A,N/A,N/A
"GTN",1.66,1.02,1.90,751.14M,3.04,10.55,10.50
"GNK",0.07,0.48,-0.14,59.12M,0.93,8.35,5.88
"GTS",0.66,0.19,12.99,563.07M,12.87,23.46,23.00
"GNOM",N/A,N/A,N/A,N/A,N/A,N/A,N/A
"GTXI",7.92,N/A,0.00,105.54M,3.51,6.91,1.09
"GNRC",6.40,1.91,1.51,2.64B,10.72,41.48,37.46
"GTY",2.00,7.31,0.00,862.39M,5.89,24.83,22.82
"GNTX",3.10,3.45,1.46,5.73B,11.57,20.07,17.30
"GUID",N/A,1.96,-3.31,212.66M,4.81,7.35,6.07
"GNW",0.13,0.23,8.82,1.93B,1.75,3.88,3.98
"GVA",2.60,0.91,5.20,2.27B,3.26,57.19,49.30
"GOK",N/A,N/A,N/A,N/A,N/A,N/A,N/A
"GWR",1.52,2.02,4.19,4.14B,0.03,69.71,67.16
"GOOD",N/A,N/A,0.00,N/A,0.00,18.94,0.00
"GWW",6.84,1.38,4.00,14.11B,12.66,234.63,223.07
"GOOG",4.06,6.37,1.23,547.39B,1.18,790.80,757.92
"GXP",1.14,1.61,1.93,4.30B,2.99,27.71,28.25
"GORO",1.93,2.48,0.00,226.26M,1.68,3.80,5.17
"GY",N/A,N/A,0,N/A,0,21,18
"GOV",N/A,N/A,0.00,N/A,0.00,18.78,0.00
"H",1.93,2.90,4.48,7.44B,7.32,57.69,51.25
"GPC",4.39,0.96,4.87,14.66B,4.10,97.98,98.28
"HA",4.60,1.28,0.74,3.09B,5.77,57.35,45.89
"GPI",1.80,0.15,0.61,1.61B,9.16,77.81,61.71
"HAE",2.82,2.33,2.74,2.08B,4.68,40.92,34.60
"GPK",3.62,0.94,1.01,4.03B,0.88,12.62,13.33
"HAFC",2.01,5.30,2.39,1.08B,2.94,33.40,26.07
"GPN",3.93,3.50,0.88,10.88B,4.10,70.29,73.94
"HAIN",2.23,1.42,2.12,4.07B,4.91,39.66,42.20
"GPOR",1.58,5.45,0.85,2.86B,4.31,21.71,28.23
"HAL",4.82,2.75,-50.69,46.44B,2.24,53.99,45.81
"GPRE",1.34,0.35,1.80,1.12B,7.75,29.65,23.73
"HALL",0.77,0.56,3.04,210.86M,3.21,11.18,10.70
"GPRO",2.50,1.17,0.46,1.25B,5.34,9.01,12.52
"HALO",N/A,9.34,-0.27,1.45B,10.33,11.66,10.33
"GPS",3.50,0.62,2.80,9.55B,3.63,23.91,24.19
"HANS",N/A,N/A,N/A,N/A,N/A,N/A,N/A
"GPX",2.96,0.98,1.59,486.40M,7.27,28.75,24.26
"HAR",3.09,1.10,1.03,7.71B,0.59,110.93,85.65
"GR",N/A,N/A,N/A,N/A,N/A,N/A,N/A
"HAS",5.80,2.08,1.72,9.96B,7.34,80.87,82.66
"GRA",9.58,1.56,-2.40,4.69B,1.55,66.99,72.89
"HAYN",1.77,1.35,1.85,543.66M,5.79,44.51,36.81
"GRB",N/A,N/A,N/A,N/A,N/A,N/A,N/A
"HBAN",1.52,4.58,1.68,14.20B,1.52,13.02,10.25
"GRC",2.92,2.27,2.19,869.87M,5.76,33.65,27.42
"HBHC",1.30,4.36,2.81,3.28B,6.69,41.65,32.19
"GRIF",1.70,5.49,0.00,156.32M,2.58,30.13,31.21
"HBI",6.86,1.39,0.98,8.19B,7.84,21.55,25.57
"GRM",N/A,N/A,N/A,N/A,N/A,N/A,N/A
"HBIO",1.18,0.84,1.56,85.94M,2.53,2.60,2.78
"GRMN",2.75,3.14,2.73,9.31B,11.67,48.99,48.36
"HCA",N/A,0.68,0.97,27.54B,2.57,74.16,76.26
"HCBK",N/A,N/A,0.00,N/A,0.00,N/A,9.78
"HMA",N/A,N/A,0,N/A,0,N/A,2
"HCC",N/A,N/A,0,N/A,0,N/A,71
"HME",N/A,N/A,0,N/A,0,N/A,73
"HCCI",1.83,1.04,2.03,356.32M,4.11,15.85,13.33
"HMN",1.19,1.53,1.82,1.74B,2.05,42.65,36.16
"HCKT",6.12,1.97,1.12,506.24M,2.46,17.76,15.71
"HMPR",N/A,N/A,0.00,N/A,0.00,N/A,1.77
"HCN",1.71,5.72,9.67,24.06B,4.51,65.18,71.97
"HMSY",2.74,3.12,1.70,1.55B,2.53,18.27,19.95
"HCP",1.48,5.19,8.45,14.18B,4.12,29.14,32.72
"HNH",1.69,0.43,0.00,328.03M,4.20,26.50,23.98
"HCSG",8.74,1.89,2.11,2.89B,10.38,39.90,38.84
"HNI",4.62,1.09,2.33,2.44B,5.43,54.36,48.19
"HD",29.32,1.76,1.56,164.99B,1.22,135.11,130.38
"HNR",16.95,N/A,0.00,65.48M,5.86,5.90,1.63
"HDY",N/A,N/A,0,N/A,0,1,1
"HNRG",1.15,0.93,0.00,262.53M,0.83,8.74,6.79
"HE",1.75,1.52,6.93,3.67B,3.46,33.37,30.91
"HNSN",N/A,N/A,0.00,N/A,0.00,N/A,3.26
"HEES",5.84,0.81,1.59,808.12M,3.68,23.16,17.63
"HNT",N/A,N/A,0.00,N/A,0.00,N/A,64.16
"HEI",5.36,3.75,2.75,5.29B,9.92,76.74,69.77
"HNZ",N/A,N/A,N/A,N/A,N/A,N/A,N/A
"HEK",N/A,N/A,N/A,N/A,N/A,N/A,N/A
"HOC",N/A,N/A,N/A,N/A,N/A,N/A,N/A
"HELE",2.31,1.48,0.91,2.31B,3.43,82.15,91.25
"HOG",5.30,1.74,1.59,10.57B,10.19,59.17,52.56
"HERO",N/A,N/A,0.00,N/A,0.00,1.22,1.90
"HOLX",5.20,3.94,1.90,11.15B,1.19,40.09,37.38
"HES",0.99,4.17,0.44,19.85B,5.69,62.50,54.20
"HOMB",2.97,8.42,4.42,3.86B,10.86,27.43,22.25
"HEV",N/A,N/A,0,N/A,0,N/A,13
"HOME",1.69,1.22,0.61,881.34M,3.66,14.46,13.41
"HF",5.50,2.17,0.98,1.13B,3.36,29.72,28.48
"HON",4.62,2.26,2.22,89.39B,1.46,116.38,114.45
"HFWA",1.51,4.80,1.94,755.41M,1.64,25.20,18.89
"HOOK",N/A,N/A,N/A,N/A,N/A,N/A,N/A
"HGG",0.42,0.02,-0.12,40.32M,41.87,1.46,1.80
"HOS",0.19,1.01,0.10,283.72M,8.07,7.54,6.54
"HGIC",N/A,N/A,N/A,N/A,N/A,N/A,N/A
"HOT",N/A,N/A,0.00,N/A,0.00,77.05,76.59
"HGR",N/A,N/A,0,N/A,0,N/A,15
"HOTT",N/A,N/A,N/A,N/A,N/A,N/A,N/A
"HGSI",N/A,N/A,N/A,N/A,N/A,N/A,N/A
"HOV",N/A,0.15,-1.48,425.69M,7.47,2.79,1.79
"HHC",1.82,4.66,1.21,4.58B,9.49,115.94,113.62
"HP",1.86,5.24,-5.91,8.49B,10.47,78.70,65.77
"HHGP",N/A,N/A,N/A,N/A,N/A,N/A,N/A
"HPP",1.55,6.28,83.43,3.92B,1.93,34.24,32.18
"HHS",0.73,0.19,0.34,88.09M,0.90,1.46,1.56
"HPQ",N/A,0.53,-157.83,25.79B,1.85,15.05,14.40
"HI",3.70,1.52,1.50,2.39B,5.52,37.15,32.03
"HPT",1.75,2.47,4.81,5.05B,4.42,30.56,29.18
"HIBB",2.63,0.90,1.74,877.38M,9.37,39.75,38.36
"HPY",N/A,N/A,0.00,N/A,0.00,103.09,86.91
"HIG",0.97,0.99,2.29,18.07B,1.86,47.65,43.59
"HR",2.10,8.48,6.73,3.53B,3.39,29.61,33.11
"HII",5.13,1.20,1.91,8.54B,2.52,182.40,165.46
"HRB",N/A,1.60,1.40,4.81B,8.15,23.45,23.02
"HIL",1.70,0.30,-2.96,188.95M,5.25,3.60,4.18
"HRC",2.94,1.36,1.23,3.62B,2.20,54.93,55.50
"HILL",N/A,N/A,0.00,N/A,0.00,N/A,7.17
"HRG",4.80,0.60,0.00,3.07B,1.85,15.40,14.91
"HITK",N/A,N/A,N/A,N/A,N/A,N/A,N/A
"HRL",4.11,1.92,2.61,18.39B,7.09,34.63,36.43
"HITT",N/A,N/A,0,N/A,0,N/A,0
"HRS",4.23,1.74,0.43,12.97B,2.76,104.00,91.17
"HIW",2.35,7.57,1.13,4.99B,1.54,49.85,50.92
"HS",N/A,N/A,N/A,N/A,N/A,N/A,N/A
"HK",5.93,1.94,0.12,785.66M,0.77,8.63,11.32
"HSC",4.33,0.73,1.75,1.12B,0.93,13.55,9.88
"HL",1.46,3.57,-0.86,2.16B,1.64,5.39,5.79
"HSIC",4.28,1.10,2.09,12.24B,3.19,153.76,164.45
"HLF",36.34,0.99,-20.16,4.52B,13.19,48.29,59.65
"HSII",1.71,0.80,2.15,449.68M,1.42,24.45,19.19
"HLIT",1.49,1.10,-2.40,415.24M,16.18,5.35,4.24
"HSNI",11.46,0.52,3.38,1.88B,1.96,35.60,43.27
"HLS",5.21,1.06,1.25,3.79B,4.75,42.14,40.57
"HSP",N/A,N/A,0,N/A,0,N/A,88
"HLX",0.90,2.32,-0.72,1.21B,3.33,9.96,8.36
"HST",1.98,2.57,-0.69,14.19B,6.51,19.01,16.70
"HSTM",2.81,3.61,7.50,803.31M,5.79,25.36,25.81
"ICUI",3.71,6.48,1.50,2.42B,5.11,147.60,127.46
"HSY",24.13,2.91,2.70,21.53B,2.28,101.16,101.28
"ID",N/A,N/A,N/A,N/A,N/A,N/A,N/A
"HT",1.18,1.87,0.34,903.33M,7.17,21.30,18.81
"IDA",1.88,3.23,5.00,4.09B,5.25,80.27,77.40
"HTBK",2.03,5.33,1.91,526.41M,0.67,13.96,11.28
"IDCC",5.01,6.04,0.57,3.13B,3.23,88.75,69.67
"HTCO",N/A,N/A,0.00,503.43M,6.70,9.57,0.00
"IDIX",N/A,N/A,0,N/A,0,N/A,0
"HTGC",1.36,6.22,2.18,1.06B,2.28,13.45,13.23
"IDT",3.06,0.29,0.00,428.28M,2.76,18.54,16.39
"HTH",1.56,1.79,1.15,2.90B,4.03,29.19,23.40
"IDTI",4.57,4.44,1.08,3.34B,2.87,24.61,21.72
"HTLD",3.50,2.67,3.72,1.75B,9.88,20.79,19.07
"IDXX",195.47,6.18,3.36,10.67B,6.02,119.43,105.78
"HTLF",1.64,3.06,1.46,1.18B,1.31,46.85,37.50
"IEX",4.47,3.34,162.93,7.00B,8.00,91.15,89.39
"HTS",N/A,N/A,0.00,N/A,0.00,16.29,14.63
"IFF",5.54,3.05,2.93,9.36B,3.87,118.01,130.65
"HTWR",N/A,N/A,0.00,N/A,0.00,N/A,39.18
"IFSIA",N/A,N/A,N/A,N/A,N/A,N/A,N/A
"HTZ",1.20,0.18,0.74,1.87B,1.08,22.67,39.83
"IFT",N/A,N/A,0,N/A,0,N/A,6
"HUB.B",N/A,N/A,N/A,N/A,N/A,N/A,N/A
"IGT",1.53,1.01,1.32,5.14B,1.80,25.91,23.47
"HUBG",2.41,0.42,0.96,1.47B,2.87,43.35,40.59
"IGTE",N/A,N/A,0.00,N/A,0.00,N/A,42.80
"HUM",2.72,0.56,1.60,29.88B,1.13,205.64,181.21
"IHC",0.79,0.98,0.00,344.75M,17.13,20.30,17.83
"HUN",2.94,0.49,1.86,4.70B,5.42,19.78,16.54
"IHS",N/A,N/A,0.00,N/A,0.00,117.25,113.73
"HURC",1.15,0.93,0.00,210.66M,7.26,32.00,28.99
"IIIN",3.12,1.67,1.38,681.20M,1.97,36.92,32.72
"HURN",1.74,1.52,1.17,1.10B,3.11,52.90,58.32
"IILG",N/A,N/A,0.00,N/A,0.00,N/A,15.84
"HUSA",2.35,47.44,0.00,9.74M,0.86,0.19,0.20
"IIVI",2.37,2.21,1.37,1.91B,2.67,30.45,23.64
"HUVL",N/A,N/A,N/A,N/A,N/A,N/A,N/A
"IL",2.82,2.58,3.34,769.57M,2.75,13.10,9.15
"HVT",1.71,0.61,-1.31,510.72M,2.80,23.80,19.67
"ILMN",8.59,8.12,2.72,19.05B,2.80,131.01,151.40
"HW",6.04,1.80,-2.83,1.75B,0.82,23.64,18.87
"IM",N/A,N/A,0.00,N/A,0.00,38.89,35.57
"HWAY",5.33,1.10,0.94,883.91M,5.02,22.95,20.19
"IMGN",N/A,2.88,0.00,147.54M,8.53,1.74,2.80
"HWCC",1.23,0.43,-3.29,109.75M,7.69,6.90,5.77
"IMKTA",2.12,0.26,1.62,1.04B,9.36,49.25,40.33
"HWKN",2.58,1.18,0.00,563.50M,5.80,52.10,43.88
"IMMR",3.38,4.82,-8.20,339.09M,5.99,10.75,7.97
"HXL",3.69,2.34,2.02,4.71B,7.45,50.59,44.97
"IMMU",N/A,120.83,0.00,384.57M,9.76,3.70,2.87
"HYC",N/A,N/A,N/A,N/A,N/A,N/A,N/A
"IMN",N/A,0.08,0.00,34.89M,9.62,1.05,0.98
"HZO",1.55,0.52,0.58,480.84M,3.45,20.00,18.99
"IN",N/A,N/A,N/A,N/A,N/A,N/A,N/A
"IACI",N/A,N/A,0.00,N/A,0.00,N/A,68.19
"INAP",5.20,0.16,-0.37,56.78M,4.15,0.93,1.84
"IART",3.78,3.16,1.97,3.14B,6.17,83.32,81.39
"INCY",52.42,18.97,2.74,18.99B,2.41,103.00,88.50
"IBI",N/A,N/A,N/A,N/A,N/A,N/A,N/A
"INDB",2.26,6.12,2.90,1.85B,9.59,70.15,53.68
"IBKC",1.39,4.24,2.42,3.53B,4.07,85.70,68.19
"INFA",N/A,N/A,0.00,N/A,0.00,N/A,46.28
"IBKR",2.63,1.89,1.58,2.59B,8.89,37.98,36.09
"INFI",0.62,2.29,-0.02,68.13M,3.30,1.28,1.70
"IBM",9.32,1.98,4.33,158.49B,6.77,166.73,157.32
"INFN",1.58,1.35,-1.38,1.30B,5.07,8.86,9.66
"IBOC",1.54,5.62,0.00,2.72B,4.10,40.80,30.59
"INHX",N/A,N/A,N/A,N/A,N/A,N/A,N/A
"ICE",2.22,1.57,1.58,6.63B,1.25,57.92,54.29
"ININ",N/A,N/A,-67.22,N/A,0.00,60.50,52.92
"ICFI",1.89,0.88,1.61,1.05B,1.08,54.80,44.92
"INN",1.38,2.85,0.00,1.40B,4.27,15.47,13.55
"ICGE",N/A,N/A,0,N/A,0,N/A,0
"INSM",3.75,N/A,0.00,847.71M,11.03,13.19,12.65
"ICLK",N/A,N/A,N/A,N/A,N/A,N/A,N/A
"INSP",N/A,N/A,N/A,N/A,N/A,N/A,N/A
"ICOG",N/A,N/A,N/A,N/A,N/A,N/A,N/A
"INSU",N/A,N/A,N/A,N/A,N/A,N/A,N/A
"ICON",0.73,1.34,0.58,513.57M,10.68,8.99,8.06
"INT",1.65,0.12,3.02,3.23B,5.70,45.91,45.31
"INTC",2.73,2.97,1.36,174.82B,3.96,36.31,34.92
"ITG",1.64,1.16,173.36,653.27M,5.56,20.21,17.05
"INTL",1.77,0.05,0.61,769.93M,2.41,41.55,34.56
"ITMN",N/A,N/A,0,N/A,0,N/A,68
"INTU",32.22,6.33,1.55,30.32B,1.74,117.31,110.83
"ITRI",3.82,1.22,0.53,2.46B,2.25,64.35,51.70
"INTX",4.65,0.52,0.00,94.18M,13.86,3.98,2.11
"ITT",2.48,1.45,2.25,3.59B,1.27,40.97,35.47
"INVE",10.34,0.81,0.00,46.89M,4.25,3.99,2.21
"ITW",9.16,3.25,2.43,44.21B,4.44,124.92,115.96
"INWK",2.06,0.49,1.33,524.28M,9.36,9.89,8.82
"IVAC",2.02,2.09,-1.98,142.32M,4.12,6.75,5.93
"IO",1.38,0.39,-0.08,84.27M,12.99,7.05,6.34
"IVC",0.91,0.39,-1.05,430.02M,12.71,13.10,11.64
"IOSP",2.61,1.91,1.73,1.67B,1.77,71.05,57.32
"IVR",0.81,14.01,-5.49,1.71B,1.97,14.79,14.82
"IP",5.25,1.05,2.09,22.07B,3.92,53.75,46.42
"IVZ",1.66,2.68,1.38,12.83B,2.15,31.40,29.70
"IPAR",2.72,2.10,2.63,1.06B,2.78,34.00,31.97
"IXYS",1.29,1.17,0.00,373.70M,1.90,11.70,11.25
"IPCC",1.38,0.65,3.39,985.00M,3.18,87.85,82.59
"JACK",N/A,2.24,1.52,3.58B,2.41,111.00,95.43
"IPCM",N/A,N/A,0.00,N/A,0.00,N/A,67.85
"JAG",N/A,N/A,N/A,N/A,N/A,N/A,N/A
"IPG",4.88,1.22,2.00,9.48B,2.74,23.88,23.13
"JAH",N/A,N/A,0.00,N/A,0.00,58.97,52.30
"IPGP",3.44,5.44,1.75,5.24B,11.53,97.30,86.94
"JAKK",0.79,0.16,0.85,75.90M,37.48,7.05,8.11
"IPHI",4.25,6.42,1.21,1.91B,4.21,45.48,38.88
"JAZZ",3.68,4.41,0.61,6.42B,1.82,105.39,128.03
"IPHS",2.99,1.42,1.47,1.01B,1.01,53.57,43.58
"JBHT",7.86,1.69,2.08,10.98B,3.76,97.00,83.74
"IPI",0.48,1.08,0.05,167.44M,2.19,2.41,1.35
"JBL",1.88,0.25,0.99,4.49B,4.69,24.15,20.73
"IPSU",N/A,N/A,N/A,N/A,N/A,N/A,N/A
"JBLU",1.87,1.09,3.95,7.29B,1.92,22.18,17.93
"IPXL",1.06,1.06,0.74,930.86M,1.51,13.45,24.18
"JBT",14.37,1.87,2.20,2.46B,6.38,83.35,71.38
"IR",2.94,1.48,1.99,19.88B,3.06,77.14,68.14
"JCI",1.63,1.05,1.21,39.59B,1.13,42.08,44.10
"IRBT",4.22,2.36,2.29,1.56B,10.81,57.02,43.38
"JCOM",4.24,4.68,1.07,3.95B,12.14,80.57,68.51
"IRC",N/A,N/A,0.00,N/A,0.00,10.61,9.86
"JCP",2.33,0.21,-5.13,2.68B,3.57,8.62,9.18
"IRDM",0.72,2.20,1.11,1.00B,34.03,9.93,8.51
"JCS",0.69,0.42,0.00,43.16M,0.63,4.99,5.75
"IRET",1.91,4.17,-7.22,847.37M,14.24,6.76,6.32
"JDAS",N/A,N/A,N/A,N/A,N/A,N/A,N/A
"IRF",N/A,N/A,0,N/A,0,40,17
"JDSU",N/A,N/A,0.00,N/A,0.00,N/A,12.74
"IRIS",N/A,N/A,N/A,N/A,N/A,N/A,N/A
"JEC",1.67,0.65,2.43,7.09B,1.65,58.79,53.28
"IRM",3.97,2.54,2.86,8.43B,7.38,32.06,36.46
"JEF",N/A,N/A,N/A,N/A,N/A,N/A,N/A
"IRWD",38.58,9.60,-0.51,2.35B,7.78,15.74,14.17
"JJSF",3.91,2.51,5.26,2.46B,4.40,133.50,119.42
"ISBC",1.32,6.44,1.96,4.15B,3.16,13.85,12.10
"JKHY",7.18,5.07,2.41,6.98B,5.31,89.45,86.01
"ISCA",1.25,2.66,5.19,1.74B,3.67,38.30,34.09
"JLL",1.62,0.70,1.29,4.56B,1.55,100.45,107.62
"ISH",N/A,N/A,0,N/A,0,N/A,4
"JMBA",221.49,1.95,-52.05,158.50M,42.35,10.41,10.59
"ISIL",3.12,5.75,6.01,3.05B,1.06,22.23,18.57
"JMP",1.06,0.99,-1.37,129.06M,0.72,6.16,5.67
"ISIS",N/A,N/A,0.00,N/A,0.00,N/A,53.82
"JNJ",4.34,4.40,2.63,315.64B,2.29,115.88,118.28
"ISLE",9.29,1.04,5.02,1.00B,1.80,24.41,19.83
"JNPR",2.26,2.19,1.14,10.85B,2.15,28.33,24.09
"ISRG",4.48,9.49,2.23,24.72B,3.02,641.39,672.87
"JNS",1.47,2.31,1.88,2.41B,5.43,13.47,14.22
"ISRL",50.12,6.01,0.00,328.08M,5.62,122.20,90.77
"JNY",N/A,N/A,N/A,N/A,N/A,N/A,N/A
"ISSI",N/A,N/A,0.00,N/A,0.00,N/A,21.98
"JOE",2.32,15.72,0.00,1.54B,17.23,20.75,18.54
"ISTA",N/A,N/A,N/A,N/A,N/A,N/A,N/A
"JOSB",N/A,N/A,0,N/A,0,N/A,0
"ISYS",N/A,N/A,N/A,N/A,N/A,N/A,N/A
"JOUT",1.77,0.85,1.33,376.46M,1.88,37.54,32.97
"IT",N/A,3.58,2.23,8.62B,3.84,103.50,95.42
"JOYG",N/A,N/A,N/A,N/A,N/A,N/A,N/A
"ITC",N/A,N/A,0.00,N/A,0.00,45.50,45.86
"JPM",1.33,3.40,2.68,305.65B,1.99,84.94,68.43
"JRCC",N/A,N/A,N/A,N/A,N/A,N/A,N/A
"KND",0.81,0.09,1.29,672.76M,2.74,7.90,10.09
"JRN",N/A,N/A,0,N/A,0,13,11
"KNDL",N/A,N/A,N/A,N/A,N/A,N/A,N/A
"JW.A",N/A,N/A,N/A,N/A,N/A,N/A,N/A
"KNL",4.31,1.11,0.99,1.32B,2.16,27.13,24.45
"JWN",10.17,0.60,2.84,8.81B,5.86,50.48,48.68
"KNOL",N/A,N/A,N/A,N/A,N/A,N/A,N/A
"K",11.77,1.97,3.02,25.59B,3.16,73.29,77.89
"KNOT",N/A,N/A,N/A,N/A,N/A,N/A,N/A
"KAI",2.33,1.59,2.57,682.67M,2.65,61.40,54.19
"KNSY",N/A,N/A,N/A,N/A,N/A,N/A,N/A
"KALU",1.71,1.06,1.13,1.40B,2.96,78.23,83.94
"KNX",3.60,2.46,4.00,2.77B,6.53,34.35,29.42
"KAMN",2.34,0.74,2.59,1.37B,14.11,50.01,44.39
"KNXA",N/A,N/A,N/A,N/A,N/A,N/A,N/A
"KAR",3.98,1.98,2.08,5.89B,1.22,42.63,41.85
"KO",6.90,4.24,11.88,179.72B,2.41,41.74,43.17
"KBALB",N/A,N/A,0,N/A,0,N/A,0
"KOG",N/A,N/A,0,N/A,0,N/A,46
"KBH",0.83,0.41,0.70,1.39B,6.72,16.54,15.44
"KOP",41.34,0.57,1.14,853.34M,2.13,40.60,32.78
"KBR",2.23,0.60,-21.44,2.47B,0.79,17.36,15.00
"KOPN",2.06,7.97,-0.35,173.57M,11.98,2.60,2.29
"KBW",N/A,N/A,N/A,N/A,N/A,N/A,N/A
"KOS",1.96,8.01,-0.35,2.44B,10.69,5.73,5.67
"KCAP",0.73,3.82,0.52,145.15M,0.28,3.99,4.13
"KR",5.08,0.30,2.75,33.66B,1.57,35.94,33.27
"KCG",0.81,1.11,0.91,1.18B,3.89,13.80,14.24
"KRA",1.98,0.63,0.21,944.48M,4.43,31.99,30.85
"KCI",N/A,N/A,N/A,N/A,N/A,N/A,N/A
"KRC",2.10,11.16,2.58,6.82B,5.29,74.56,69.55
"KCLI",0.65,1.05,0.00,466.72M,1.98,48.05,40.94
"KRG",1.20,5.58,-94.80,1.99B,2.05,23.70,27.03
"KCP",N/A,N/A,N/A,N/A,N/A,N/A,N/A
"KRNY",1.18,13.46,18.39,1.33B,7.28,15.50,13.75
"KDN",N/A,N/A,N/A,N/A,N/A,N/A,N/A
"KRO",2.88,0.99,-1.31,1.39B,9.44,11.31,7.89
"KEG",N/A,N/A,0.00,N/A,0.00,26.95,0.31
"KS",2.45,0.71,5.44,2.20B,2.82,22.65,17.40
"KELYA",0.87,0.16,0.99,890.61M,4.49,23.14,19.65
"KSS",1.76,0.48,1.41,9.19B,5.31,51.14,43.88
"KEM",3.62,0.41,1.38,296.67M,3.83,6.48,3.69
"KSU",2.29,3.99,2.10,9.30B,1.19,86.61,91.54
"KERX",28.17,21.99,-0.04,603.97M,11.94,5.86,5.52
"KSWS",N/A,N/A,N/A,N/A,N/A,N/A,N/A
"KEX",1.50,1.96,-2.33,3.60B,11.59,66.20,61.12
"KTOS",2.11,0.65,-4.60,433.90M,5.41,7.13,5.85
"KEY",1.42,4.58,1.46,19.64B,1.21,18.16,13.25
"KV.A",N/A,N/A,N/A,N/A,N/A,N/A,N/A
"KEYN",N/A,N/A,N/A,N/A,N/A,N/A,N/A
"KVHI",1.73,1.04,0.91,199.50M,2.23,11.75,8.85
"KEYW",2.08,1.59,2.88,496.68M,24.13,12.16,10.71
"KW",2.24,3.31,-3.37,2.41B,8.30,21.05,21.08
"KFRC",4.59,0.45,0.53,589.56M,1.06,23.00,19.13
"KWK",N/A,N/A,0,N/A,0,0,0
"KFT",N/A,N/A,N/A,N/A,N/A,N/A,N/A
"KWR",4.22,2.31,2.51,1.71B,4.02,128.75,103.11
"KFY",1.62,1.12,1.09,1.71B,5.37,29.55,23.47
"L",0.88,1.22,3.13,15.98B,2.21,47.49,41.74
"KIM",2.05,9.22,-1.03,10.92B,2.21,25.51,28.79
"LABL",3.56,1.43,5.71,1.30B,7.46,76.35,66.66
"KIRK",2.30,0.46,1.59,272.83M,4.65,17.16,13.90
"LAD",2.83,0.29,0.52,2.50B,7.92,97.43,85.15
"KITD",N/A,N/A,N/A,N/A,N/A,N/A,N/A
"LAMR",N/A,N/A,0.00,N/A,0.00,66.66,0.00
"KKD",N/A,N/A,0.00,N/A,0.00,21.00,17.56
"LANC",6.99,3.14,9.70,3.76B,5.26,136.17,130.87
"KLAC",15.64,3.95,0.70,12.41B,1.63,78.19,73.65
"LAVA",N/A,N/A,N/A,N/A,N/A,N/A,N/A
"KLIC",1.41,1.82,1.50,1.15B,0.77,16.10,13.17
"LAWS",3.20,0.77,-7.63,221.27M,4.90,24.00,19.35
"KMB",139.38,2.29,2.55,41.14B,2.57,116.24,124.71
"LAYN",1.82,0.33,-3.28,216.07M,38.20,10.52,8.77
"KMGB",N/A,N/A,N/A,N/A,N/A,N/A,N/A
"LAZ",4.11,2.25,-4.84,5.09B,1.35,41.24,35.92
"KMI",1.38,3.58,-69.96,46.90B,1.62,21.34,20.67
"LB",N/A,1.59,1.88,19.79B,3.32,69.38,71.36
"KMT",2.74,1.27,1.13,2.60B,2.41,32.15,27.87
"LBAI",1.70,5.51,2.10,851.06M,5.40,19.10,13.69
"KMX",3.88,0.77,1.33,11.87B,11.83,62.15,54.79
"LBTYA",2.30,1.42,3078.79,27.49B,2.34,30.48,32.20
"LBY",2.84,0.56,1.94,433.15M,2.33,20.68,17.51
"LNCE",1.95,1.76,2.65,3.67B,12.86,37.91,34.86
"LCAPA",N/A,N/A,N/A,N/A,N/A,N/A,N/A
"LNCR",N/A,N/A,N/A,N/A,N/A,N/A,N/A
"LCC",N/A,N/A,0,N/A,0,N/A,2
"LNDC",1.71,0.69,2.47,360.94M,18.67,13.55,12.61
"LCI",1.66,1.42,0.68,895.42M,6.71,23.80,26.70
"LNG",N/A,12.50,35.22,9.53B,6.57,42.80,40.17
"LCRY",N/A,N/A,N/A,N/A,N/A,N/A,N/A
"LNKD",N/A,N/A,1.77,N/A,0.00,195.96,188.18
"LCUT",1.35,0.45,1.81,271.30M,4.66,18.40,14.70
"LNN",3.63,1.77,2.61,907.91M,20.87,85.95,74.18
"LDL",3.84,1.93,1.30,1.09B,1.77,62.40,48.21
"LNT",2.22,2.62,3.28,8.59B,3.41,37.61,38.21
"LDR",23.83,3.03,1.75,452.67M,12.86,47.00,44.46
"LO",N/A,N/A,0,N/A,0,71,68
"LEA",3.07,0.51,0.71,9.53B,5.58,134.75,117.68
"LOGM",12.94,7.84,1.53,2.48B,3.95,99.75,83.77
"LEAP",N/A,N/A,N/A,N/A,N/A,N/A,N/A
"LOOP",N/A,N/A,N/A,N/A,N/A,N/A,N/A
"LECO",6.89,2.28,3.97,5.25B,6.10,78.54,65.05
"LOPE",3.79,3.21,1.40,2.73B,2.98,58.58,44.64
"LEG",6.04,1.75,5.07,6.68B,6.94,49.76,49.60
"LORL",6.83,N/A,0.00,1.28B,16.45,40.05,37.44
"LEN",1.51,0.94,1.18,9.89B,3.16,43.42,44.87
"LOW",9.65,1.02,1.17,63.43B,1.62,72.96,75.08
"LF",N/A,N/A,0.00,N/A,0.00,1.00,1.00
"LPLA",4.03,0.78,1.56,3.19B,5.38,35.75,29.66
"LFUS",4.27,3.44,1.64,3.45B,1.48,151.57,128.63
"LPNT",1.08,0.38,2.39,2.35B,4.52,58.35,60.29
"LG",N/A,N/A,0.00,N/A,0.00,63.66,61.63
"LPS",N/A,N/A,0,N/A,0,N/A,0
"LGF",N/A,N/A,1.88,N/A,0.00,26.09,21.05
"LPSN",2.96,1.99,-4.44,452.17M,5.56,7.75,7.75
"LGND",5.98,24.07,0.66,2.22B,12.51,105.91,110.93
"LPX",2.47,1.31,3.88,2.83B,1.39,19.79,18.91
"LH",2.38,1.42,1.42,13.17B,2.73,127.76,132.85
"LQDT",1.88,0.98,1.48,316.01M,3.86,9.95,9.01
"LHCG",2.02,0.91,1.42,811.38M,1.60,44.04,40.39
"LRCX",2.73,2.87,1.10,17.42B,6.76,104.45,93.38
"LHO",1.34,2.79,-0.68,3.46B,5.36,30.43,25.78
"LRN",1.22,0.75,2.04,645.86M,3.13,17.53,13.08
"LIFE",0.77,N/A,0.00,50.99M,5.21,2.40,3.06
"LRY",N/A,N/A,0,N/A,0,N/A,19
"LII",284.25,1.89,1.19,6.75B,6.21,157.19,151.37
"LSCC",3.14,2.10,1.95,863.82M,1.08,7.11,6.33
"LINC",0.7155,0.2882,-0.8500,51.98M,0.3500,2.1000,1.8493
"LSE",N/A,N/A,N/A,N/A,N/A,N/A,N/A
"LINTA",N/A,N/A,0,N/A,0,N/A,0
"LSI",1.83,9.62,4.35,3.85B,3.06,83.49,92.38
"LIOX",3.81,0.61,0.87,340.84M,2.37,5.87,4.73
"LSTR",6.95,1.13,2.19,3.57B,4.36,84.30,71.46
"LIZ",N/A,N/A,N/A,N/A,N/A,N/A,N/A
"LSTZA",N/A,N/A,N/A,N/A,N/A,N/A,N/A
"LKFN",2.72,7.88,2.30,1.17B,10.84,46.62,36.06
"LTC",2.46,11.56,5.12,1.85B,5.57,46.37,49.91
"LKQX",N/A,N/A,N/A,N/A,N/A,N/A,N/A
"LTD",N/A,N/A,0,N/A,0,N/A,63
"LL",2.06,0.47,-0.21,457.48M,8.58,16.51,16.52
"LTM",N/A,N/A,0,N/A,0,72,63
"LLEN",0.00,0.00,0.00,863680.00,37.00,0.02,0.01
"LTS",1.46,0.50,-0.58,542.90M,8.25,2.80,2.34
"LLL",2.66,1.17,2.05,12.00B,2.05,157.35,148.62
"LTXC",N/A,N/A,N/A,N/A,N/A,N/A,N/A
"LLNW",1.82,1.50,119.50,274.73M,1.61,2.39,1.78
"LUB",0.78,0.32,0.00,129.21M,8.93,4.44,4.47
"LLTC",8.24,10.26,2.88,14.97B,1.85,62.12,56.33
"LUFK",N/A,N/A,N/A,N/A,N/A,N/A,N/A
"LLY",4.97,3.72,2.17,77.66B,0.88,73.31,77.10
"LUK",0.84,0.80,5.96,8.42B,2.33,23.46,19.04
"LM",0.75,1.11,0.96,3.12B,3.24,30.11,32.40
"LUV",3.82,1.51,1.19,31.00B,1.43,49.93,40.72
"LMIA",1.27,0.32,-0.24,112.85M,3.33,8.42,7.81
"LVB",N/A,N/A,N/A,N/A,N/A,N/A,N/A
"LMNR",2.17,2.64,2.06,280.02M,5.92,19.80,18.44
"LVLT",1.90,2.49,-0.96,20.41B,0.65,56.71,51.39
"LMNX",2.18,3.47,0.88,893.91M,8.26,20.60,21.16
"LVS",7.05,4.00,51.62,43.47B,2.45,56.29,53.42
"LMT",31.54,1.45,2.63,73.88B,1.86,250.08,248.32
"LWAY",3.53,1.37,4.43,174.15M,2.05,10.44,12.60
"LNC",0.93,1.15,1.07,15.24B,2.75,66.39,48.96
"LWSN",N/A,N/A,N/A,N/A,N/A,N/A,N/A
"LXK",N/A,N/A,0.00,N/A,0.00,40.49,37.99
"MCS",2.22,1.49,1.57,859.32M,1.24,30.75,24.34
"LXP",1.94,5.83,5.93,2.55B,4.62,10.68,10.25
"MCY",1.81,1.00,3.46,3.32B,8.95,59.43,54.56
"LXRX",9.46,9.34,-0.19,1.70B,22.29,16.84,15.83
"MD",2.27,1.95,1.10,6.09B,11.39,65.25,67.21
"LXU",0.45,0.35,-0.15,233.89M,8.93,8.27,9.94
"MDAS",N/A,N/A,0.00,N/A,0.00,N/A,25.46
"LYB",5.97,1.27,-5.35,35.92B,2.90,88.68,79.85
"MDC",1.05,0.63,0.66,1.37B,4.90,26.48,25.21
"LYTS",1.61,0.79,2.02,252.89M,5.14,10.10,10.43
"MDCA",N/A,0.26,-0.79,340.62M,1.67,6.55,12.24
"LYV",4.22,0.65,-1.45,5.39B,3.86,26.72,26.29
"MDCI",N/A,N/A,0,N/A,0,N/A,14
"LZ",N/A,N/A,N/A,N/A,N/A,N/A,N/A
"MDCO",3.39,12.30,-0.36,2.54B,7.65,36.77,36.56
"LZB",2.79,1.03,1.11,1.59B,3.89,31.95,27.20
"MDF",N/A,N/A,N/A,N/A,N/A,N/A,N/A
"M",3.02,0.44,1.02,11.31B,1.92,37.47,36.88
"MDMD",N/A,N/A,N/A,N/A,N/A,N/A,N/A
"MA",18.16,10.70,1.84,112.82B,1.66,103.43,98.51
"MDP",2.85,1.55,3.11,2.56B,12.08,57.80,52.24
"MAA",2.45,6.76,5.96,7.32B,4.71,96.71,96.78
"MDR",1.17,0.68,8.54,1.82B,7.39,7.51,5.33
"MAC",2.41,8.94,-0.68,10.04B,3.06,69.77,78.86
"MDRX",1.49,1.34,1.33,1.97B,4.26,10.67,12.60
"MAIN",1.69,11.06,2.34,1.95B,5.02,36.50,34.09
"MDSO",7.62,6.60,2.40,2.92B,6.40,51.83,51.51
"MAKO",N/A,N/A,N/A,N/A,N/A,N/A,N/A
"MDT",2.01,3.48,2.03,100.37B,1.38,73.46,83.79
"MAN",2.53,0.31,1.97,6.10B,1.53,90.43,74.44
"MDTH",N/A,N/A,N/A,N/A,N/A,N/A,N/A
"MANH",19.77,6.18,1.87,3.79B,5.37,51.93,58.40
"MDU",2.49,1.31,4.23,5.74B,2.90,28.93,24.98
"MANT",1.32,1.01,3.54,1.64B,3.98,42.14,39.58
"MDVN",N/A,N/A,0.00,N/A,0.00,N/A,61.39
"MAPP",N/A,N/A,N/A,N/A,N/A,N/A,N/A
"MDW",N/A,N/A,0.000,N/A,0.000,0.035,0.458
"MAR",5.75,11.25,1.58,33.14B,3.89,86.05,71.09
"MEA",N/A,N/A,0.000,N/A,0.000,0.595,0.464
"MAS",N/A,1.42,0.82,10.51B,1.66,31.93,33.07
"MEAS",N/A,N/A,0,N/A,0,N/A,86
"MASI",9.92,4.92,2.07,3.31B,2.64,66.55,57.13
"MED",5.15,1.79,1.27,494.30M,2.61,41.24,36.89
"MAT",4.08,1.75,2.27,9.70B,9.21,28.81,31.76
"MEDH",N/A,N/A,0.0000,N/A,0.0000,0.0058,0.1418
"MATW",3.37,1.61,1.62,2.37B,4.50,74.25,61.40
"MEI",3.14,1.93,1.19,1.57B,4.59,42.05,34.52
"MAXY",N/A,N/A,N/A,N/A,N/A,N/A,N/A
"MENT",3.25,3.51,2.17,4.02B,2.07,36.62,26.08
"MBFI",1.46,4.31,2.65,3.60B,4.47,46.04,38.60
"MERU",N/A,N/A,0.00,N/A,0.00,N/A,2.10
"MBI",0.41,1.95,3.00,1.47B,6.50,11.08,8.13
"MET",0.76,0.89,1.47,59.27B,2.51,54.37,45.62
"MBLX",0.9961,3.9807,0.0000,8.51M,8.0800,0.3038,0.5225
"METR",N/A,N/A,0.00,N/A,0.00,N/A,30.01
"MBVT",2.32,5.61,4.51,368.00M,2.13,53.38,36.33
"MF",N/A,N/A,0,N/A,0,N/A,0
"MCC",N/A,N/A,1.69,N/A,0.00,7.26,7.36
"MFA",0.94,7.73,3.72,2.92B,4.00,7.71,7.48
"MCD",N/A,4.10,2.25,102.14B,2.89,123.24,118.13
"MFB",N/A,N/A,N/A,N/A,N/A,N/A,N/A
"MCF",0.98,3.19,0.00,247.06M,2.17,9.85,10.34
"MFLX",N/A,N/A,0.00,N/A,0.00,N/A,21.81
"MCGC",N/A,N/A,0.00,N/A,0.00,N/A,4.30
"MFW",N/A,N/A,N/A,N/A,N/A,N/A,N/A
"MCHP",5.53,5.03,1.08,14.04B,7.33,64.53,58.75
"MG",2.68,1.06,3.42,745.97M,1.77,25.81,23.63
"MCHX",1.02,0.87,-1.09,120.17M,7.19,2.83,2.90
"MGAM",N/A,N/A,0,N/A,0,N/A,35
"MCK",3.40,0.17,1.25,32.00B,1.16,142.29,171.09
"MGEE",3.14,4.21,7.09,2.26B,4.63,65.20,56.96
"MCO",N/A,5.23,1.99,18.34B,3.22,96.47,102.62
"MGI",N/A,0.43,1.02,655.18M,1.92,12.24,7.77
"MCP",N/A,N/A,0,N/A,0,0,1
"MGLN",1.65,0.36,-18.32,1.74B,0.98,74.05,61.82
"MCRI",1.94,2.05,1.33,443.23M,5.08,25.19,23.68
"MGM",2.67,1.88,0.72,16.39B,1.70,28.86,25.45
"MCRL",N/A,N/A,0.00,N/A,0.00,N/A,14.32
"MGPI",6.00,2.59,1.90,836.56M,7.79,49.60,39.88
"MCRS",N/A,N/A,0,N/A,0,N/A,68
"MGRC",2.36,2.17,2.37,934.04M,2.90,38.54,32.29
"MHGC",N/A,N/A,0.00,N/A,0.00,2.15,2.15
"MOLX",N/A,N/A,N/A,N/A,N/A,N/A,N/A
"MHK",2.58,1.67,1.82,14.80B,0.92,197.00,199.74
"MON",10.19,3.42,2.79,46.24B,1.78,105.50,104.24
"MHLD",1.20,0.55,0.99,1.51B,3.24,17.25,13.88
"MORN",4.86,4.08,1.63,3.22B,0.85,74.70,78.77
"MHO",1.10,0.39,0.83,645.07M,4.58,26.13,21.94
"MOS",1.05,1.39,-1.34,9.73B,6.90,29.56,26.85
"MHP",N/A,N/A,N/A,N/A,N/A,N/A,N/A
"MOSY",0.766,3.604,-0.040,22.88M,7.490,0.340,0.557
"MHR",N/A,N/A,0.00,N/A,0.00,N/A,1.08
"MOTR",N/A,N/A,N/A,N/A,N/A,N/A,N/A
"MHS",N/A,N/A,N/A,N/A,N/A,N/A,N/A
"MOV",1.48,1.23,1.25,694.84M,4.81,30.35,23.18
"MI",N/A,N/A,N/A,N/A,N/A,N/A,N/A
"MOVE",N/A,N/A,0,N/A,0,N/A,21
"MIDD",5.67,3.46,1.41,7.71B,4.76,132.58,123.35
"MPAA",2.15,1.28,0.49,503.21M,8.35,26.40,27.61
"MIG",N/A,N/A,0.00,N/A,0.00,8.64,8.39
"MPG",2.14,0.52,33.13,1.49B,0.49,22.40,16.69
"MILL",N/A,N/A,0.000,N/A,0.000,N/A,0.447
"MPR",N/A,N/A,N/A,N/A,N/A,N/A,N/A
"MIND",0.58,1.21,-0.11,50.59M,1.45,4.00,3.43
"MPW",0.95,5.80,1.28,3.03B,5.24,12.18,14.32
"MINI",1.78,2.56,1.82,1.35B,20.94,29.75,31.19
"MPWR",8.13,9.11,1.55,3.42B,2.79,83.27,75.20
"MIPS",N/A,N/A,N/A,N/A,N/A,N/A,N/A
"MPX",5.56,2.32,2.70,541.96M,1.92,14.15,9.34
"MITI",N/A,N/A,N/A,N/A,N/A,N/A,N/A
"MRCY",2.51,4.18,6.45,1.25B,3.65,30.49,25.39
"MJN",N/A,3.49,3.93,13.35B,1.66,71.86,81.37
"MRGE",N/A,N/A,0.00,N/A,0.00,N/A,5.64
"MKC",6.63,2.66,2.78,11.68B,8.94,92.44,98.07
"MRH",N/A,N/A,0,N/A,0,43,38
"MKL",1.45,2.21,2.82,12.54B,1.59,885.64,917.40
"MRK",3.94,4.31,2.41,168.57B,1.91,62.44,60.65
"MKSI",2.59,2.96,1.71,3.22B,10.40,58.65,48.45
"MRLN",1.73,3.55,1.37,263.05M,3.39,22.55,18.17
"MKTG",N/A,N/A,N/A,N/A,N/A,N/A,N/A
"MRO",0.83,3.87,1.00,15.68B,2.10,18.59,15.05
"MKTX",13.52,17.33,2.93,6.04B,2.14,162.39,158.10
"MRTN",1.82,1.17,2.37,778.45M,2.26,23.90,21.51
"MLHR",3.88,0.93,0.96,2.14B,3.24,35.55,31.79
"MRVL",1.74,2.98,1.13,7.21B,1.12,14.32,12.13
"MLI",2.59,1.13,0.00,2.32B,2.12,40.32,33.63
"MRX",N/A,N/A,N/A,N/A,N/A,N/A,N/A
"MLM",3.37,4.03,1.41,14.13B,2.00,220.39,194.40
"MS",1.15,2.40,1.15,80.21B,1.68,42.71,31.92
"MLNK",1.01,0.18,0.00,80.29M,32.71,1.41,1.38
"MSA",4.60,2.21,1.64,2.57B,3.37,68.74,57.02
"MLR",1.69,0.53,0.00,309.72M,0.10,27.35,22.53
"MSCC",3.65,3.84,0.91,6.40B,5.46,55.49,41.06
"MMC",5.30,2.68,2.03,35.41B,2.53,68.46,66.81
"MSCI",13.71,6.65,1.75,7.55B,3.22,79.90,81.93
"MMI",4.31,1.43,1.10,1.03B,2.91,27.74,26.11
"MSEX",3.15,5.21,0.00,684.79M,4.59,42.21,38.01
"MMM",8.89,3.55,2.44,107.16B,4.03,177.45,174.47
"MSFG",1.71,4.85,2.51,783.96M,3.30,32.65,24.84
"MMR",N/A,N/A,N/A,N/A,N/A,N/A,N/A
"MSFT",6.89,5.67,2.32,494.67B,1.77,62.30,56.78
"MMS",4.76,1.47,1.04,3.56B,4.21,54.66,56.28
"MSG",1.67,3.62,-70.64,4.15B,5.92,173.09,173.45
"MMSI",2.38,1.99,1.76,1.16B,4.60,25.95,22.72
"MSI",N/A,2.37,1.07,13.93B,3.65,83.40,73.85
"MNI",0.68,0.11,-0.70,102.94M,27.14,13.94,15.63
"MSL",0.92,2.00,4.95,161.91M,34.94,14.35,10.61
"MNKD",N/A,1.812,0.200,375.53M,23.620,0.615,0.790
"MSM",4.75,1.82,2.55,5.25B,3.05,92.24,75.74
"MNR",2.41,10.42,4.84,1.01B,2.62,14.15,13.61
"MSO",N/A,N/A,0,N/A,0,N/A,6
"MNRO",3.25,1.92,1.48,1.86B,12.46,56.75,59.82
"MSPD",N/A,N/A,N/A,N/A,N/A,N/A,N/A
"MNTA",3.25,10.82,0.00,1.08B,6.80,15.35,12.10
"MSSR",N/A,N/A,N/A,N/A,N/A,N/A,N/A
"MO",44.46,6.77,2.68,132.27B,1.62,67.04,65.38
"MSTR",4.41,4.44,2.62,2.32B,3.44,200.40,179.76
"MOD",1.90,0.54,1.38,726.23M,4.22,15.20,10.94
"MSW",N/A,N/A,0,N/A,0,N/A,8
"MOG.A",N/A,N/A,N/A,N/A,N/A,N/A,N/A
"MTB",1.56,4.71,2.58,23.91B,0.00,152.49,122.32
"MOH",1.83,0.19,1.06,3.11B,6.12,54.38,54.22
"MTD",22.12,4.48,2.41,11.05B,7.58,421.96,399.98
"MTG",1.38,3.34,3.57,3.53B,2.24,10.29,7.78
"NBL",1.85,5.55,-5.09,17.31B,3.02,41.16,35.96
"MTH",1.07,0.50,1.03,1.47B,12.84,36.60,35.65
"NBR",1.24,1.84,7.89,4.50B,1.91,15.74,11.36
"MTN",4.84,4.03,1.23,6.47B,1.62,161.64,152.04
"NBS",N/A,N/A,0.00,N/A,0.00,N/A,3.31
"MTOR",N/A,0.35,2.07,1.11B,5.33,12.75,10.22
"NBTB",1.94,4.94,4.60,1.78B,8.25,40.92,32.66
"MTOX",N/A,N/A,N/A,N/A,N/A,N/A,N/A
"NC",3.24,0.74,0.00,637.62M,9.07,94.00,68.97
"MTRN",1.58,0.83,2.47,799.47M,4.97,39.50,29.98
"NCI",1.99,1.36,1.75,1.24B,0.94,26.42,20.14
"MTRX",1.82,0.45,1.81,595.67M,1.92,22.40,18.06
"NCIT",1.63,0.57,3.07,188.80M,4.54,13.95,12.55
"MTSC",2.30,1.61,2.21,929.58M,14.54,56.05,47.84
"NCMI",N/A,2.07,4.52,917.55M,5.75,15.26,14.97
"MTW",1.29,0.24,0.32,821.53M,5.14,5.78,5.12
"NCR",7.54,0.79,0.91,5.09B,1.46,40.86,33.07
"MTX",2.83,1.72,2.27,2.84B,2.86,82.00,67.75
"NCS",4.03,0.68,0.21,1.14B,4.78,16.10,15.89
"MTZ",3.01,0.64,1.57,3.08B,3.41,38.35,28.86
"NCT",1.40,0.69,0.79,272.27M,0.64,4.10,4.56
"MU",1.75,1.70,12.44,21.20B,2.35,20.27,15.98
"NDAQ",1.95,3.13,1.77,11.18B,4.20,68.06,67.22
"MUR",1.12,2.89,0.45,5.66B,6.67,33.20,29.41
"NDN",N/A,N/A,N/A,N/A,N/A,N/A,N/A
"MUSA",3.37,0.27,1.09,2.58B,5.74,66.25,71.42
"NDSN",7.57,3.57,1.59,6.54B,8.82,112.49,95.54
"MVC",N/A,N/A,0.00,N/A,0.00,8.61,8.27
"NEE",2.32,3.36,2.74,55.71B,2.87,118.90,123.21
"MVIS",N/A,4.76,-0.23,65.81M,11.91,1.21,1.50
"NEM",1.51,2.10,0.72,16.87B,1.25,31.66,37.81
"MW",N/A,N/A,0,N/A,0,N/A,36
"NEOG",5.73,7.24,3.46,2.39B,7.19,63.40,56.76
"MWA",5.22,1.92,1.83,2.22B,1.20,13.50,12.12
"NEOP",N/A,N/A,N/A,N/A,N/A,N/A,N/A
"MWIV",N/A,N/A,0,N/A,0,N/A,173
"NETL",N/A,N/A,N/A,N/A,N/A,N/A,N/A
"MWV",N/A,N/A,0.00,N/A,0.00,48.30,49.00
"NEU",10.54,2.48,4.82,5.05B,9.14,424.12,416.32
"MWW",N/A,N/A,0.00,N/A,0.00,3.41,3.18
"NEWP",N/A,N/A,0.00,N/A,0.00,N/A,18.00
"MXIM",5.15,5.01,2.01,11.06B,1.63,38.83,38.95
"NEWS",0.64,5.10,1.17,407.59M,4.62,9.20,9.61
"MXL",4.10,3.47,1.01,1.44B,2.87,21.50,19.93
"NFBK",1.42,8.19,2.39,883.10M,9.33,19.71,16.21
"MXWL",1.43,1.12,-0.27,163.46M,6.94,5.05,5.12
"NFG",3.22,3.38,2.26,4.94B,6.29,57.73,55.51
"MYE",4.44,0.77,10.69,433.87M,3.85,14.65,14.02
"NFLX",21.08,6.52,4.36,53.84B,3.83,124.22,103.69
"MYGN",1.75,1.72,7.03,1.24B,13.51,18.80,23.68
"NFP",N/A,N/A,N/A,N/A,N/A,N/A,N/A
"MYL",1.71,1.96,0.88,20.06B,4.14,37.82,41.68
"NFX",9.71,6.27,1.20,8.88B,2.66,45.08,42.94
"MYRG",2.39,0.56,4.56,609.31M,0.89,37.06,29.25
"NGPC",N/A,N/A,0,N/A,0,N/A,0
"N",N/A,N/A,0.00,N/A,0.00,90.34,94.91
"NGS",1.81,5.24,5.88,419.50M,4.36,32.85,24.98
"NABI",N/A,N/A,N/A,N/A,N/A,N/A,N/A
"NHC",1.73,1.26,0.00,1.16B,5.85,76.78,65.86
"NAFC",N/A,N/A,N/A,N/A,N/A,N/A,N/A
"NHI",2.42,12.18,1.93,2.95B,4.25,73.35,75.52
"NANO",2.85,3.02,2.44,633.12M,1.08,24.84,21.27
"NHP",N/A,N/A,N/A,N/A,N/A,N/A,N/A
"NARA",N/A,N/A,N/A,N/A,N/A,N/A,N/A
"NI",1.86,1.66,2.24,7.21B,3.48,22.03,23.96
"NAT",0.98,2.21,4.65,898.35M,6.67,8.99,11.18
"NICK",0.80,1.65,0.00,86.88M,0.37,11.15,10.31
"NATI",3.51,3.15,2.10,3.90B,12.17,30.14,28.36
"NIHD",0.77,0.20,0.00,201.57M,7.04,1.95,2.82
"NATL",N/A,N/A,0.00,N/A,N/A,N/A,N/A
"NILE",25.44,1.00,2.31,474.20M,1.12,40.53,33.33
"NATR",2.00,0.83,0.00,279.43M,8.19,14.95,13.16
"NJR",2.69,1.67,3.50,3.19B,5.26,36.40,34.90
"NAUH",1.34,0.54,0.00,49.77M,2.31,2.07,2.01
"NKE",6.98,2.57,1.82,84.69B,2.83,50.92,54.10
"NAV",N/A,0.28,-6.67,2.42B,8.72,29.35,19.01
"NKSH",1.64,6.73,0.00,309.59M,27.70,43.40,35.48
"NAVG",1.39,1.46,2.98,1.71B,2.05,114.80,95.85
"NKTR",N/A,11.78,1.61,1.98B,4.28,12.90,15.52
"NBIX",10.49,245.84,0.72,3.53B,4.13,42.45,47.96
"NL",2.19,3.44,-2.63,384.77M,3.53,7.65,4.01
"NLC",N/A,N/A,N/A,N/A,N/A,N/A,N/A
"NUVA",4.68,3.70,2.58,3.40B,7.27,66.61,62.92
"NLSN",3.63,2.46,1.90,15.47B,2.63,43.14,50.64
"NVAX",7.61,24.02,0.00,379.67M,6.72,1.40,4.57
"NLY",0.86,21.08,-1.65,10.60B,2.78,10.20,10.56
"NVDA",10.17,8.82,1.43,54.78B,4.78,100.41,64.88
"NMFC",N/A,N/A,0.00,N/A,0.00,13.75,13.52
"NVE",N/A,N/A,N/A,N/A,N/A,N/A,N/A
"NMRX",2.46,2.11,-0.69,156.47M,18.44,7.76,7.67
"NVEC",3.55,13.07,1.08,342.00M,3.87,70.59,59.32
"NNBR",1.52,0.61,0.72,502.56M,11.35,18.20,17.11
"NVLS",0.53,N/A,0.00,32.95M,0.10,2.13,5.58
"NNI",1.08,2.79,-1.86,2.17B,2.52,50.37,39.84
"NVR",4.78,1.10,1.08,6.26B,2.02,1638.60,1660.86
"NNN",2.07,12.01,4.48,6.36B,3.92,42.35,47.94
"NVTL",N/A,N/A,0,N/A,0,N/A,0
"NOC",7.10,1.72,2.21,41.16B,1.72,231.70,222.51
"NWBI",1.61,5.17,7.46,1.85B,11.75,18.49,15.73
"NOG",N/A,1.41,3.21,186.78M,16.11,3.15,3.29
"NWE",1.67,2.20,3.94,2.76B,3.31,56.93,58.44
"NOR",N/A,N/A,0,N/A,0,N/A,5
"NWL",1.95,2.08,1.23,22.05B,3.57,46.18,50.04
"NOV",0.99,1.77,6.02,14.54B,8.02,38.72,34.66
"NWLI",0.64,1.64,0.00,1.14B,2.55,305.52,215.40
"NP",4.13,1.53,1.80,1.47B,2.79,86.80,77.87
"NWN",2.16,2.50,6.84,1.69B,4.53,61.10,60.26
"NPBC",N/A,N/A,0.00,N/A,0.00,N/A,11.79
"NWPX",0.78,0.97,-0.84,158.22M,5.66,16.44,12.63
"NPK",2.24,1.84,0.00,740.31M,16.92,106.15,90.77
"NWSA",0.59,0.82,3.51,6.82B,2.83,11.61,12.66
"NPO",3.66,1.15,-6.70,1.45B,3.11,65.61,53.60
"NWY",1.79,0.17,-1.24,156.74M,0.69,2.50,1.98
"NPSP",N/A,N/A,0,N/A,0,N/A,37
"NX",1.89,0.75,0.80,696.04M,10.95,20.50,18.83
"NPTN",2.35,1.36,1.51,528.63M,2.11,12.60,13.13
"NXST",12.47,1.82,2.88,1.91B,12.15,61.95,53.66
"NR",1.31,1.33,-0.34,639.13M,4.19,7.60,6.63
"NXTM",8.29,4.57,-16.01,1.65B,7.38,25.61,23.29
"NRCI",N/A,N/A,0,N/A,0,N/A,1
"NYB",N/A,N/A,N/A,N/A,N/A,N/A,N/A
"NRF",N/A,N/A,0.00,N/A,0.00,15.13,13.42
"NYMX",N/A,451.79,0.00,139.32M,10.04,3.00,3.12
"NRG",1.28,0.30,0.11,4.05B,3.27,12.30,12.77
"NYT",2.75,1.40,-4.56,2.20B,5.71,13.60,12.36
"NSC",2.51,3.14,1.81,31.22B,1.59,106.67,93.22
"NYX",N/A,N/A,N/A,N/A,N/A,N/A,N/A
"NSIT",2.07,0.27,2.23,1.44B,2.21,41.12,30.52
"O",2.26,13.29,9.99,14.83B,7.14,55.47,63.70
"NSM",1.20,1.68,-0.86,1.77B,15.42,18.18,14.61
"OABC",N/A,N/A,N/A,N/A,N/A,N/A,N/A
"NSP",21.64,0.53,0.59,1.51B,1.52,70.75,72.36
"OAS",1.20,6.10,0.77,3.79B,2.78,15.82,10.59
"NSR",2.09,1.56,-0.45,1.81B,23.86,33.20,24.93
"OB",1.41,1.19,-9.72,1.48B,2.25,15.44,14.31
"NST",N/A,N/A,N/A,N/A,N/A,N/A,N/A
"OC",1.51,1.05,1.02,5.92B,5.60,51.84,52.39
"NSTC",N/A,N/A,N/A,N/A,N/A,N/A,N/A
"OCFC",1.69,5.82,2.42,724.61M,11.78,27.69,20.18
"NTAP",3.61,1.86,0.99,10.12B,3.47,36.45,31.20
"OCLR",4.05,3.36,1.11,1.54B,2.35,9.23,7.23
"NTCT",1.27,2.64,1.15,3.05B,13.91,32.75,27.99
"OCN",0.97,0.45,-1.05,670.78M,3.84,5.17,3.27
"NTGR",2.37,1.39,2.86,1.83B,4.42,55.60,52.63
"OCR",N/A,N/A,0,N/A,0,N/A,87
"NTLS",N/A,N/A,0.00,N/A,0.00,9.26,9.18
"OCZ",N/A,N/A,N/A,N/A,N/A,N/A,N/A
"NTRI",11.60,1.92,2.03,1.03B,7.28,34.40,29.75
"ODC",2.49,1.11,0.00,292.43M,6.78,39.95,36.38
"NTRS",2.30,4.09,1.77,20.08B,1.53,88.46,72.03
"ODFL",4.03,2.42,2.27,7.23B,6.02,87.53,71.02
"NTSP",N/A,N/A,N/A,N/A,N/A,N/A,N/A
"ODP",1.35,0.18,0.99,2.58B,1.47,4.74,3.72
"NU",N/A,N/A,0,N/A,0,51,0
"OEH",N/A,N/A,0,N/A,0,N/A,0
"NUAN",2.25,2.24,0.79,4.33B,2.82,15.14,15.23
"OFC",2.31,4.95,-59.98,2.89B,1.72,30.21,28.36
"NUE",2.50,1.23,1.11,19.28B,2.27,60.65,52.26
"OFG",0.79,2.17,1.69,592.83M,8.61,13.45,10.54
"NUS",3.28,1.22,2.29,2.74B,4.53,50.27,54.41
"OFIX",2.28,1.52,1.41,619.81M,3.68,34.56,42.19
"NUTR",1.82,1.34,0.00,318.46M,4.60,34.00,27.45
"OFLX",10.47,5.59,0.00,535.93M,5.65,52.34,38.59
"OGE",1.95,3.09,4.77,6.74B,5.03,33.69,31.40
"ORRF",1.40,3.62,0.00,194.24M,5.07,23.55,20.04
"OGXI",0.616,1.356,0.000,14.29M,1.610,0.501,0.670
"OSG",0.19,0.30,0.00,263.23M,1.26,3.86,9.94
"OHI",1.55,6.74,1.09,6.13B,6.47,30.28,33.31
"OSIR",2.14,1.97,0.00,177.43M,11.31,4.95,5.11
"OI",7.15,0.43,0.77,2.90B,3.72,17.67,18.29
"OSIS",2.62,1.69,1.53,1.44B,2.61,75.58,64.75
"OII",1.95,1.22,-1.00,3.04B,4.11,31.20,27.92
"OSK",2.49,0.79,1.51,4.99B,3.71,66.53,54.90
"OIS",1.58,2.54,2.60,1.92B,8.77,37.50,32.06
"OSTK",2.82,0.26,-1.74,475.93M,16.18,17.95,16.12
"OKE",57.39,1.50,6.79,12.23B,6.47,58.42,48.63
"OSUR",2.90,4.10,1.67,502.13M,2.23,9.20,7.67
"OKSB",1.88,5.93,3.24,538.07M,8.02,28.55,19.24
"OTTR",2.47,2.04,4.36,1.62B,8.08,41.30,34.83
"OLN",1.80,0.77,-12.85,4.24B,5.38,25.42,22.58
"OUTD",N/A,N/A,N/A,N/A,N/A,N/A,N/A
"OLP",1.56,6.45,0.00,450.34M,2.64,24.96,24.18
"OVTI",N/A,N/A,0.00,N/A,0.00,N/A,27.16
"OMC",8.75,1.33,2.67,20.26B,9.68,86.18,83.45
"OWW",N/A,N/A,0,N/A,0,N/A,11
"OMCL",2.89,1.90,1.33,1.25B,6.73,33.80,35.56
"OXM",2.75,1.00,1.71,1.02B,5.80,60.59,63.72
"OME",1.69,1.44,1.49,557.56M,2.14,24.95,22.79
"OXPS",N/A,N/A,N/A,N/A,N/A,N/A,N/A
"OMEX",N/A,3.13,0.00,25.53M,34.57,3.29,3.35
"OXY",2.52,5.55,-0.53,55.38B,1.95,73.44,73.43
"OMG",N/A,N/A,0,N/A,0,N/A,33
"OYOG",N/A,N/A,N/A,N/A,N/A,N/A,N/A
"OMI",2.18,0.22,6.78,2.15B,8.56,34.93,34.80
"OZRK",2.28,10.55,1.72,6.37B,9.47,51.88,39.86
"OMN",3.41,0.58,0.78,437.72M,2.52,9.85,8.66
"PACB",3.71,3.61,-0.15,375.22M,16.03,3.95,8.24
"OMPI",N/A,N/A,N/A,N/A,N/A,N/A,N/A
"PACR",N/A,N/A,N/A,N/A,N/A,N/A,N/A
"OMX",N/A,N/A,N/A,N/A,N/A,N/A,N/A
"PACW",1.43,6.43,1.86,6.44B,4.23,53.82,43.52
"ONB",1.31,3.94,2.18,2.42B,6.56,17.80,14.22
"PAET",N/A,N/A,N/A,N/A,N/A,N/A,N/A
"ONE",N/A,N/A,0.00,N/A,0.00,5.15,4.02
"PAG",2.57,0.22,1.67,4.51B,8.10,52.78,43.20
"ONNN",N/A,N/A,0,N/A,0,N/A,10
"PANL",0.83,0.42,0.00,90.05M,0.54,2.64,2.58
